container_id,event_ts,vessel_id,bol_id,pol,pod,terminal_note,weather_alert,free_days_left,dwell_days_so_far,teu,cargo_value_usd,daily_demurrage_usd,blank_sailing,inland_can_beat_freedays,fee_inevitable,cargo_vs_fee_collapse,projected_demurrage_usd,demurrage_risk,noise_f01,noise_f02,noise_f03,noise_f04,noise_f05,noise_f06,noise_f07,noise_f08,noise_f09,noise_f10,noise_f11,noise_f12,noise_f13,noise_f14,noise_f15,noise_f16,noise_f17,noise_f18,noise_f19,noise_f20,noise_f21,noise_f22,noise_f23,noise_f24,noise_f25,noise_f26,noise_f27,noise_f28,noise_f29,noise_f30,noise_f31,noise_f32,noise_f33,noise_f34,noise_f35,noise_f36,noise_f37,noise_f38,noise_f39,noise_f40
CONT-000001,2026-07-01T03:05:00Z,VSL-A2,BOL-783385,JPYOK,AEJEA,Crane outage berth 3 — expect 18h delay.,,4.8,9.8,1,,150.0,0,0,0,1,20877.0,1,-2.035329,-0.304477,-0.899928,0.164053,2.244757,-0.831723,-0.623944,,0.493013,-0.176406,-0.20593,0.702463,0.519908,-1.033676,-0.079181,0.035287,-1.054485,0.259839,,,0.192746,0.089306,,-0.11861,-1.997746,-1.131407,0.36284,-2.128567,0.846609,-1.746096,0.756739,-0.845497,0.778991,0.130951,-1.536835,1.249149,1.441707,,-0.273916,-0.159867
CONT-000002,2026-07-01T06:10:00Z,VSL-A3,BOL-871599,KRPUS,DEHAM,,,1.4,0.8,1,27669.0,200.0,0,1,0,0,0.0,0,-0.975152,1.098587,-0.542892,,-0.793296,-0.626073,,1.257069,,0.965922,0.013325,-0.694404,-0.326685,-0.560231,0.007959,-0.375267,-0.299922,-1.378575,-0.806846,1.654058,-0.671233,-1.054094,0.337326,1.407272,-1.454024,-0.208522,-0.632053,,0.734927,-0.023444,0.071442,-0.752311,,-0.539297,-0.142903,,-1.216103,1.335532,-0.507105,0.29168
CONT-000003,2026-07-01T09:15:00Z,VSL-A4,BOL-169445,JPYOK,NLRTM,Empty return pile full; dwell rising.,Heat advisory; reefer power constrained.,4.7,1.4,2,28503.0,75.0,0,0,0,0,0.0,0,-0.03379,-0.441145,-0.507961,0.630083,-0.301868,-0.151444,0.022222,1.176508,0.680511,0.3826,-0.563571,-1.381969,0.94953,0.966447,-0.140708,0.541884,,0.831184,0.921383,-0.455618,1.514973,-1.246593,0.861723,0.493932,0.873619,1.879008,1.484445,-1.145177,-1.688672,0.816889,-1.015012,-0.012405,0.839727,-1.643797,-2.10998,0.259299,0.044386,,0.038535,-0.860516
CONT-000004,2026-07-01T12:20:00Z,VSL-B1,BOL-820802,NLRTM,CNSHA,,,,3.3,1,,75.0,0,1,0,0,105.0,0,,-0.166655,-0.971709,,0.505681,-0.061399,,-0.989295,-0.658059,-0.999043,-0.886642,0.195408,-0.782975,0.356066,0.339756,2.025161,-1.392789,0.887902,-0.089488,-0.01403,-1.449864,-0.460194,0.743197,-0.082478,0.081054,-0.290717,1.15457,-0.021473,-2.200416,-0.692073,-1.968797,-3.251438,-0.530115,1.33356,0.04712,-1.172546,-0.9407,1.130613,0.157627,0.047999
CONT-000005,2026-07-01T15:25:00Z,VSL-B2,BOL-103186,CNSHA,KRPUS,,,8.5,6.7,1,7256.0,75.0,0,0,0,0,0.0,0,-0.053462,0.0384,0.805406,0.552567,0.215705,,0.511109,-0.684247,,-1.271051,,-0.007358,-1.324646,1.721972,1.460407,-0.463584,0.771721,0.378676,-2.613559,0.250398,,0.083217,-1.076875,-0.269347,-0.178259,1.188094,0.334427,-0.005555,1.52897,-0.555248,,-1.816755,1.569106,0.964332,0.916848,0.668898,0.110149,0.215489,-0.252007,-0.2036
CONT-000006,2026-07-01T18:30:00Z,VSL-B3,BOL-923301,DEHAM,AEJEA,Labor slowdown reported by agent.,Gale warning outer anchorage.,,8.1,1,39997.0,200.0,0,1,0,0,1180.0,1,,1.51183,0.555688,-0.05846,-0.579392,,1.602705,0.506687,0.067551,-0.346182,-1.109053,,0.873658,-0.392537,-0.227243,-0.221034,0.109594,-1.593011,-0.235398,,0.884585,-0.770599,0.577047,1.524437,-0.313596,-0.601576,0.191432,-0.002029,,0.460919,2.015516,-0.258112,,-1.044932,0.319088,-1.246976,-1.106931,1.279667,-0.905453,1.081358
CONT-000007,2026-07-01T21:35:00Z,VSL-B4,BOL-565145,JPYOK,USLAX,,,-1.9,,1,11212.0,150.0,0,0,1,0,1365.0,1,1.524358,0.259326,0.553391,1.952251,-0.196728,-0.593006,-1.353231,0.041707,1.479144,0.959595,-0.942091,-0.855375,-0.504171,0.292268,,0.214454,,-0.298774,-0.040174,0.206592,-0.08397,0.503521,1.870876,0.591972,0.055811,-1.686119,0.387957,-1.946678,-1.409034,0.854639,0.706235,-0.149939,-1.710011,-0.371349,,0.636841,2.257731,0.21693,-0.779311,-1.170552
CONT-000008,2026-07-02T00:40:00Z,VSL-C1,BOL-631570,KRPUS,DEHAM,On schedule; gate flowing.,Typhoon track updated — possible blank sailing.,,8.3,1,79211.0,250.0,0,0,0,0,375.0,0,-0.056094,-0.176793,,0.116355,,1.112107,1.062651,1.084751,-0.47405,0.514521,-0.13207,,-0.339146,-1.299715,-1.443864,,-0.191235,0.216425,1.00171,-1.733132,-0.78413,0.175335,0.392095,,1.029179,0.210395,-1.213382,-0.930764,0.805471,0.463831,-1.899061,1.347712,0.598027,1.343343,-0.383701,-0.295706,-1.126457,2.53693,-0.175454,
CONT-000009,2026-07-02T03:45:00Z,VSL-C2,BOL-275796,NLRTM,USLAX,Early discharge; chassis available.,Heat advisory; reefer power constrained.,8.5,5.8,2,65001.0,75.0,0,0,0,0,0.0,0,-0.647292,0.163841,-1.671352,-0.382867,,,1.072228,,-1.043951,-0.501597,-0.459066,-0.049519,,-0.827288,-0.304588,-1.02689,-1.289527,,0.882874,-1.529372,0.003508,-0.649956,-0.977145,0.853438,-0.51817,1.498302,,0.386502,-0.227283,,0.587675,-0.154983,0.603211,-0.047292,-1.085816,-0.102069,0.051955,0.958463,-0.906269,-0.03933
CONT-000010,2026-07-02T06:50:00Z,VSL-C3,BOL-948895,JPYOK,JPYOK,Gate congestion; dual transactions stacked.,All clear.,,10.9,2,,100.0,0,1,0,0,910.0,0,-1.721879,0.651493,-1.081483,-1.80636,-0.059217,1.105685,-1.524447,-1.088036,-0.743275,-1.129497,0.379428,-0.807367,-0.721515,0.583305,-0.755515,0.43278,-0.971385,-1.212139,-1.835449,1.861203,-0.320259,0.243933,-0.03105,0.159962,0.049686,1.908217,-1.038927,-1.557462,-1.01196,-1.334709,,0.820378,-0.961316,-1.390436,-0.354797,1.391124,,0.526627,-1.075755,1.040367
CONT-000011,2026-07-02T09:55:00Z,VSL-C4,BOL-711709,NLRTM,NLRTM,,,5.9,,1,,75.0,0,0,0,0,0.0,0,-1.077924,-0.285416,-1.506279,-0.977258,1.385839,0.820579,,-0.870172,-1.893807,-0.393657,-0.030903,,-0.093792,-1.12181,-0.066274,-0.038673,1.290562,1.866733,-0.136989,-0.766306,-0.064982,-0.607621,-0.742434,-0.05865,-1.043304,0.606107,-0.103916,0.250008,,-0.727254,-0.94796,-0.237276,,0.233901,-0.004432,-1.362307,0.067121,-1.34286,-0.616478,-0.294354
CONT-000012,2026-07-02T12:00:00Z,VSL-D1,BOL-653781,JPYOK,CNSHA,,,8.3,7.3,1,78891.0,75.0,0,0,0,0,0.0,0,-2.075273,0.091507,0.150983,-0.158024,-0.424317,-0.373604,-0.976539,-0.2697,-0.552612,0.091685,-1.204136,0.23559,0.143219,-0.141563,-0.439205,0.55234,-1.664602,0.460453,0.243037,0.283376,0.383313,-0.653644,-0.25946,0.637058,0.430639,0.206713,-1.51432,0.537887,1.169471,1.009671,0.233878,,0.942545,-0.147255,-2.53252,0.377207,-1.492172,-1.296441,-0.634959,1.272591
CONT-000013,2026-07-02T15:05:00Z,VSL-D2,BOL-683514,SGSIN,NLRTM,,,3.0,,1,39930.0,100.0,0,1,0,0,680.0,0,-0.370845,0.270992,1.747968,,-0.103353,-0.241521,-1.260871,-0.694458,0.425358,0.395731,0.110238,0.994802,-0.772368,-0.056077,0.731243,0.584146,1.070946,0.39702,-0.309403,0.362192,-1.002595,-1.639459,0.580672,-0.05514,0.30841,-1.697684,-0.365114,-0.599857,-0.864212,-2.255015,-0.334873,0.897304,,-0.600947,-0.014876,,-2.760418,-0.124537,0.5432,0.682129
CONT-000014,2026-07-02T18:10:00Z,VSL-D3,BOL-106779,AEJEA,DEHAM,,,2.4,8.9,2,82348.0,150.0,0,1,0,0,975.0,0,1.70073,1.135046,0.312563,0.301976,0.786945,-0.539327,-0.040188,0.906239,1.957445,-0.159267,-0.048401,0.19848,1.343204,-0.030313,1.469359,-0.966657,-0.186036,-0.198165,0.786506,1.04526,-1.509444,-0.915118,0.336852,-0.658694,-1.522428,1.03848,0.49397,,-0.475446,1.028938,-0.23996,1.096435,-0.911665,-0.854135,,-0.702332,0.675451,0.260088,-0.922971,0.072866
CONT-000015,2026-07-02T21:15:00Z,VSL-D4,BOL-186039,SGSIN,USLAX,Pilotage delayed fog bank.,Heat advisory; reefer power constrained.,,8.6,1,30148.0,75.0,1,1,0,0,502.0,0,-0.351278,0.915833,-0.632553,-0.439173,,2.238593,1.999009,0.063223,0.218855,1.533459,-0.124435,-0.976349,0.116876,0.451517,-0.82915,-1.646231,-1.43673,0.665429,-0.758377,-0.141347,,0.619141,-0.334903,0.498716,-0.89006,-0.361714,-1.024416,1.131767,-0.027083,-0.739307,-0.352372,-0.221728,0.70052,,-1.037206,-0.378107,2.532306,0.955679,-0.111452,0.712
CONT-000016,2026-07-03T00:20:00Z,VSL-E1,BOL-346299,CNSHA,CNSHA,Labor slowdown reported by agent.,,-0.8,,1,47215.0,200.0,0,0,0,0,320.0,0,2.057436,-0.233744,-0.366413,1.211944,,0.671333,-0.508222,1.924203,1.709591,,0.68429,-2.027261,0.63771,,0.433906,0.682459,-0.341292,-1.690482,0.367875,-0.741384,-0.330194,-0.60451,-0.341574,,1.216947,,1.111399,1.979842,0.022593,-1.802436,-0.893887,-1.206904,,0.079648,-2.002187,0.342475,-1.510357,0.297365,-0.109491,-0.313631
CONT-000017,2026-07-03T03:25:00Z,VSL-E2,BOL-619870,AEJEA,KRPUS,Box ready; trucker no-show.,,-1.1,4.3,2,,150.0,0,0,1,0,645.0,0,-0.073043,-0.539778,-0.612471,,-0.029627,1.845534,1.980495,1.321818,0.705802,-0.67648,1.442751,-0.056128,-0.068876,-0.291227,0.091962,-0.435215,-0.083782,-1.084599,-0.373664,2.280556,-0.069594,-0.238661,0.532374,0.708122,-1.113769,-0.207159,0.918276,0.269838,0.121954,,-0.677773,0.082746,,1.490308,-1.95186,-0.670142,,0.66354,0.606275,1.395194
CONT-000018,2026-07-03T06:30:00Z,VSL-E3,BOL-961125,SGSIN,KRPUS,,,1.4,2.7,1,25733.0,75.0,0,1,0,0,98.0,0,-1.574033,0.750475,-0.29328,-0.665625,0.539569,-0.92014,-2.076913,-0.370218,-1.497771,-0.648916,,0.312,1.586899,-0.199655,-1.533332,-0.756097,-0.919384,-1.217825,0.435367,-0.645232,-1.977373,0.696923,-0.111427,0.356837,0.105722,0.631655,0.038019,1.236202,0.424983,0.392068,0.409867,-1.456638,-0.164636,-0.259316,0.207547,,1.634115,0.104389,-1.211318,-1.708887
CONT-000019,2026-07-03T09:35:00Z,VSL-E4,BOL-181357,AEJEA,SGSIN,Early discharge; chassis available.,,0.9,10.2,1,,100.0,0,1,0,0,930.0,0,-0.281287,-0.089675,,0.092114,-0.641176,0.551658,-0.724542,-0.0385,0.978839,2.571669,-1.007643,-0.464508,-0.839836,0.784328,-1.148099,-0.484357,,-0.978679,-0.957325,-0.475623,-2.10044,-1.445478,-0.413034,0.148231,-0.18576,-1.773969,-0.463786,0.798438,,-0.078748,-0.88737,,-0.578929,-1.169248,-0.802186,1.448345,,1.159247,-0.479336,0.938149
CONT-000020,2026-07-03T12:40:00Z,VSL-A1,BOL-556121,SGSIN,KRPUS,Gate congestion; dual transactions stacked.,,,10.3,1,,150.0,0,0,0,0,270.0,0,-0.601504,-0.157427,2.48635,0.767149,-0.50117,-0.084819,0.326223,,-0.489133,-1.741319,-0.279642,0.015385,0.109538,1.31669,,0.812917,-1.101114,0.867901,2.09622,,0.253556,0.153988,1.787142,-0.927181,-0.111102,0.460208,0.744001,-0.437328,0.307321,-0.277921,0.120471,-0.132092,,-0.021114,0.877152,-0.967018,-0.241092,0.66478,-1.069865,0.182638
