n_train,repeat,model,roc_auc,avg_precision,net_savings_300,f1_cost_300
30,0,plus,0.8105,0.5248,21425,0.6102
30,0,thinking,0.7846,0.484,20105,0.5862
30,0,hist_gbm,0.5,0.125,19710,0.5778
30,1,plus,0.8698,0.4664,8895,0.2857
30,1,thinking,0.8578,0.4519,1320,0.0645
30,1,hist_gbm,0.5,0.125,19710,0.5778
30,2,plus,0.7262,0.2619,21140,0.6383
30,2,thinking,0.7421,0.2897,14925,0.4878
30,2,hist_gbm,0.5,0.125,19710,0.5778
60,0,plus,0.84,0.5406,20525,0.5806
60,0,thinking,0.8163,0.5153,18785,0.5614
60,0,hist_gbm,0.9134,0.5946,19913,0.5946
60,1,plus,0.8449,0.5726,5890,0.2353
60,1,thinking,0.8551,0.5621,11455,0.4211
60,1,hist_gbm,0.862,0.4423,20900,0.6786
60,2,plus,0.9113,0.6672,21425,0.6102
60,2,thinking,0.9135,0.6673,21125,0.6
60,2,hist_gbm,0.5173,0.2713,8520,0.3478
120,0,plus,0.8214,0.5398,16403,0.5455
120,0,thinking,0.8241,0.501,12733,0.5246
120,0,hist_gbm,0.8944,0.5397,16658,0.5882
120,1,plus,0.9029,0.5588,20508,0.6567
120,1,thinking,0.8986,0.5624,18888,0.6269
120,1,hist_gbm,0.8867,0.5949,20145,0.5915
120,2,plus,0.9225,0.6807,21425,0.6102
120,2,thinking,0.9205,0.7149,21425,0.6102
120,2,hist_gbm,0.8619,0.4657,16790,0.5217
240,0,plus,0.9492,0.7666,23025,0.6885
240,0,thinking,0.9586,0.7898,24845,0.7619
240,0,hist_gbm,0.9489,0.7678,21610,0.6774
240,1,plus,0.9489,0.7696,22143,0.697
240,1,thinking,0.95,0.7758,22243,0.7059
240,1,hist_gbm,0.9589,0.8088,22365,0.7
240,2,plus,0.9427,0.6893,22163,0.6562
240,2,thinking,0.9408,0.6726,20190,0.6102
240,2,hist_gbm,0.8576,0.6008,18058,0.5625
960,0,plus,0.9832,0.9025,25765,0.7931
960,0,thinking,0.9875,0.921,26485,0.8475
960,0,hist_gbm,0.9784,0.853,22285,0.7119
