,,roc_auc,roc_auc,avg_precision,avg_precision,net_savings_300,net_savings_300,f1_cost_300,f1_cost_300
,,mean,std,mean,std,mean,std,mean,std
n_train,model,,,,,,,,
30,hist_gbm,0.5,0.0,0.125,0.0,19710.0,0.0,0.5778,0.0
30,plus,0.8022,0.0722,0.4177,0.1381,17153.3333,7153.346,0.5114,0.196
30,thinking,0.7948,0.0585,0.4085,0.1042,12116.6667,9702.2734,0.3795,0.2772
60,hist_gbm,0.7642,0.2154,0.4361,0.1617,16444.3333,6880.3951,0.5403,0.1719
60,plus,0.8654,0.0398,0.5935,0.0658,15946.6667,8720.9465,0.4754,0.2084
60,thinking,0.8616,0.0489,0.5816,0.0778,17121.6667,5045.0206,0.5275,0.0941
120,hist_gbm,0.881,0.017,0.5334,0.0648,17864.3333,1976.2177,0.5671,0.0394
120,plus,0.8823,0.0536,0.5931,0.0765,19445.3333,2674.3347,0.6041,0.0558
120,thinking,0.8811,0.0505,0.5928,0.1101,17682.0,4469.7363,0.5872,0.0549
240,hist_gbm,0.9218,0.0558,0.7258,0.1102,20677.6667,2299.8905,0.6466,0.0737
240,plus,0.9469,0.0037,0.7418,0.0455,22443.6667,503.5487,0.6806,0.0215
240,thinking,0.9498,0.0089,0.7461,0.064,22426.0,2332.8894,0.6927,0.0767
960,hist_gbm,0.9784,,0.853,,22285.0,,0.7119,
960,plus,0.9832,,0.9025,,25765.0,,0.7931,
960,thinking,0.9875,,0.921,,26485.0,,0.8475,
