n_train,repeat,model,train_pos,roc_auc,avg_precision,net_savings_300,f1_cost_300
30,0,plus,6,0.7717,0.3079,20295,0.5769
30,0,hist_gbm,6,0.5,0.125,19710,0.5778
30,1,plus,6,0.721,0.2594,17460,0.5366
30,1,hist_gbm,6,0.5,0.125,19710,0.5778
60,0,plus,12,0.797,0.3626,18350,0.5778
60,0,hist_gbm,12,0.949,0.6772,22155,0.6462
60,1,plus,12,0.7981,0.4464,10870,0.3784
60,1,hist_gbm,12,0.8992,0.558,21790,0.6909
120,0,plus,24,0.8022,0.4462,14953,0.5902
120,0,hist_gbm,24,0.8765,0.5392,18058,0.623
120,1,plus,24,0.8484,0.5,18408,0.6207
120,1,hist_gbm,24,0.8852,0.6333,17703,0.6
240,0,plus,48,0.9395,0.7642,22370,0.6984
240,0,hist_gbm,48,0.9356,0.7376,20078,0.7018
240,1,plus,48,0.9392,0.7562,22143,0.7059
240,1,hist_gbm,48,0.939,0.7403,19828,0.6557
