container_id,fold,label,p_tabpfn_plus,p_tabpfn_thinking,p_hist_gbm
CONT-000001,3,1,0.59207,0.64328,0.60407
CONT-000002,3,0,0.0045,0.00227,0.0024
CONT-000003,1,0,0.00115,0.00033,0.01617
CONT-000004,4,0,0.00017,0.00031,0.00031
CONT-000005,1,0,0.00105,0.00086,0.00253
CONT-000006,0,1,0.36888,0.5417,0.12544
CONT-000007,0,1,0.81355,0.78369,0.9414
CONT-000008,4,0,0.01766,0.02047,0.01667
CONT-000009,2,0,0.00925,0.00059,0.00117
CONT-000010,2,0,0.02159,0.01215,0.02842
CONT-000011,4,0,0.00071,0.00032,0.00019
CONT-000012,0,0,0.09968,0.02213,0.03717
CONT-000013,2,0,0.02708,0.00992,0.52317
CONT-000014,3,0,0.06192,0.04909,0.01729
CONT-000015,3,0,0.46245,0.46785,0.53796
CONT-000016,1,0,0.02164,0.01348,0.01642
CONT-000017,1,0,0.00485,0.00348,0.00806
CONT-000018,2,0,0.0013,0.00024,0.0004
CONT-000019,0,0,0.10557,0.05043,0.05174
CONT-000020,4,0,0.44125,0.36434,0.56285
CONT-000021,3,0,0.00307,0.00179,0.00166
CONT-000022,3,0,0.00041,0.00024,0.00021
CONT-000023,1,0,0.00101,0.00028,0.0025
CONT-000024,4,0,0.04249,0.01797,0.03449
CONT-000025,1,0,0.00316,0.00184,0.00066
CONT-000026,0,1,0.73948,0.90157,0.53864
CONT-000027,0,0,0.13794,0.04059,0.03082
CONT-000028,4,0,0.00316,0.001,0.00052
CONT-000029,2,0,0.00188,0.00016,0.00021
CONT-000030,2,0,0.29004,0.39848,0.39967
CONT-000031,4,0,0.03791,0.02997,0.00118
CONT-000032,0,1,0.4467,0.30694,0.64302
CONT-000033,2,0,0.0014,0.00018,0.01078
CONT-000034,3,0,0.0002,0.00012,0.00024
CONT-000035,3,0,0.00042,0.00019,0.00018
CONT-000036,1,1,0.36631,0.38658,0.25962
CONT-000037,1,0,0.00098,0.00044,0.00069
CONT-000038,2,0,0.01302,0.00474,0.01264
CONT-000039,0,0,0.00533,0.00179,0.00144
CONT-000040,4,0,0.00119,0.00094,0.00189
CONT-000041,3,1,0.40202,0.39271,0.06783
CONT-000042,3,0,0.00513,0.00131,0.00186
CONT-000043,1,0,0.00952,0.0031,0.03375
CONT-000044,4,0,0.00044,0.00044,0.00103
CONT-000045,1,0,0.20824,0.18056,0.24823
CONT-000046,0,0,0.00702,0.00361,0.00409
CONT-000047,0,1,0.491,0.60451,0.93272
CONT-000048,4,0,0.0092,0.01071,0.0103
CONT-000049,2,0,0.06049,0.00993,0.00471
CONT-000050,2,0,0.34576,0.36239,0.30726
CONT-000051,4,1,0.69319,0.71385,0.1343
CONT-000052,0,0,0.00132,0.00058,0.00308
CONT-000053,2,0,0.0029,0.00028,0.01669
CONT-000054,3,0,0.00202,0.00083,0.00025
CONT-000055,3,0,0.09944,0.04622,0.04286
CONT-000056,1,0,0.27067,0.28086,0.0927
CONT-000057,1,0,0.02678,0.02118,0.06286
CONT-000058,2,0,0.00379,0.00027,0.00222
CONT-000059,0,0,0.00046,0.00023,0.00055
CONT-000060,4,1,0.95536,0.96739,0.9232
CONT-000061,3,0,0.0245,0.00691,0.00147
CONT-000062,3,0,0.00151,0.00042,0.00042
CONT-000063,1,0,0.01828,0.00562,0.44733
CONT-000064,4,0,0.0005,0.00021,0.00033
CONT-000065,1,0,0.00249,0.00128,0.00067
CONT-000066,0,0,0.02054,0.01759,0.01173
CONT-000067,0,0,0.00466,0.00102,0.01139
CONT-000068,4,0,0.41753,0.42759,0.05583
CONT-000069,2,1,0.68989,0.80465,0.64091
CONT-000070,2,1,0.94417,0.96743,0.92218
CONT-000071,4,0,0.00451,0.00236,0.00115
CONT-000072,0,0,0.02284,0.0094,0.00576
CONT-000073,2,0,0.02407,0.00356,0.05488
CONT-000074,3,0,0.00086,0.0008,0.0006
CONT-000075,3,0,0.02603,0.01377,0.01176
CONT-000076,1,0,0.11234,0.09814,0.1253
CONT-000077,1,0,0.00058,0.00048,0.00317
CONT-000078,2,0,0.00572,0.00087,0.00065
CONT-000079,0,0,0.00123,0.00044,0.00152
CONT-000080,4,1,0.8393,0.85629,0.9859
CONT-000081,3,1,0.50574,0.51256,0.15322
CONT-000082,3,0,0.00225,0.00116,0.00063
CONT-000083,1,0,0.04829,0.0284,0.16817
CONT-000084,4,1,0.37388,0.38462,0.78417
CONT-000085,1,1,0.98193,0.98559,0.90318
CONT-000086,0,0,0.04704,0.05071,0.013
CONT-000087,0,0,0.00058,0.00026,0.00158
CONT-000088,4,0,0.00023,0.00021,0.0006
CONT-000089,2,0,0.00176,0.00016,0.00022
CONT-000090,2,0,0.35551,0.3238,0.16397
CONT-000091,4,1,0.9969,0.99744,0.97115
CONT-000092,0,0,0.01905,0.00955,0.0404
CONT-000093,2,0,0.00246,0.00036,0.0111
CONT-000094,3,0,0.00315,0.00114,0.0048
CONT-000095,3,0,0.00633,0.00386,0.00244
CONT-000096,1,1,0.4371,0.50995,0.41436
CONT-000097,1,0,0.01262,0.01316,0.01085
CONT-000098,2,0,0.01547,0.00507,0.00766
CONT-000099,0,0,0.12246,0.05883,0.18247
CONT-000100,4,0,0.36426,0.44439,0.84666
CONT-000101,3,0,0.00212,0.00039,0.00103
CONT-000102,3,0,0.00567,0.00135,0.00065
CONT-000103,1,0,0.02571,0.0091,0.02002
CONT-000104,4,0,0.00744,0.00231,0.0007
CONT-000105,1,0,0.17027,0.10127,0.16561
CONT-000106,0,0,0.00683,0.00444,0.00591
CONT-000107,0,0,0.00058,0.00037,0.00059
CONT-000108,4,0,0.22184,0.13969,0.66116
CONT-000109,2,0,0.0066,0.00032,0.00074
CONT-000110,2,0,0.03564,0.01701,0.05243
CONT-000111,4,1,0.46317,0.44751,0.08345
CONT-000112,0,0,0.00097,0.00043,0.00159
CONT-000113,2,0,0.00064,0.00015,0.0012
CONT-000114,3,0,0.00178,0.00186,0.00064
CONT-000115,3,0,0.00434,0.00203,0.0018
CONT-000116,1,1,0.73359,0.79844,0.34241
CONT-000117,1,0,0.00406,0.00315,0.01546
CONT-000118,2,0,0.00413,0.0006,0.00073
CONT-000119,0,0,0.42116,0.47229,0.84741
CONT-000120,4,1,0.81044,0.85803,0.62762
CONT-000121,3,1,0.60522,0.6923,0.51015
CONT-000122,3,1,0.6331,0.73723,0.68522
CONT-000123,1,0,0.00162,0.00038,0.00851
CONT-000124,4,0,0.00078,0.00049,0.00032
CONT-000125,1,0,0.00058,0.00025,0.00028
CONT-000126,0,0,0.06108,0.02367,0.01077
CONT-000127,0,0,0.00054,0.00014,0.00052
CONT-000128,4,0,0.01444,0.02586,0.06584
CONT-000129,2,1,0.99378,0.99833,0.99641
CONT-000130,2,0,0.00277,0.00022,0.00155
CONT-000131,4,0,0.01501,0.02118,0.00247
CONT-000132,0,0,0.00826,0.00235,0.00222
CONT-000133,2,0,0.00165,0.00027,0.00539
CONT-000134,3,0,0.00061,0.00041,0.00618
CONT-000135,3,1,0.45986,0.50512,0.45271
CONT-000136,1,0,0.02105,0.01035,0.02254
CONT-000137,1,0,0.03587,0.04402,0.64695
CONT-000138,2,0,0.02843,0.00998,0.03391
CONT-000139,0,0,0.00134,0.00053,0.00086
CONT-000140,4,0,0.0314,0.03713,0.02867
CONT-000141,3,0,0.41387,0.4917,0.44758
CONT-000142,3,0,0.00095,0.00016,0.00023
CONT-000143,1,0,0.06077,0.0377,0.10294
CONT-000144,4,0,0.00051,0.00044,0.0007
CONT-000145,1,0,0.00311,0.00122,0.00072
CONT-000146,0,1,0.72848,0.94237,0.70474
CONT-000147,0,0,0.01999,0.00484,0.00748
CONT-000148,4,0,0.00186,0.00143,0.00027
CONT-000149,2,0,0.30938,0.2662,0.5043
CONT-000150,2,1,0.31514,0.56506,0.19253
CONT-000151,4,0,0.20974,0.21822,0.00355
CONT-000152,0,0,0.02743,0.01514,0.02636
CONT-000153,2,0,0.89783,0.88618,0.91465
CONT-000154,3,0,0.00038,0.0001,0.00013
CONT-000155,3,0,0.00103,0.00047,0.0019
CONT-000156,1,1,0.98781,0.9966,0.99313
CONT-000157,1,0,0.0169,0.01896,0.0113
CONT-000158,2,0,0.02587,0.00661,0.01635
CONT-000159,0,0,0.03499,0.0164,0.02398
CONT-000160,4,0,0.00143,0.00153,0.00355
CONT-000161,3,1,0.41261,0.41929,0.16811
CONT-000162,3,0,0.08637,0.02779,0.10349
CONT-000163,1,0,0.0051,0.00222,0.00484
CONT-000164,4,0,0.0965,0.11189,0.16289
CONT-000165,1,0,0.819,0.81275,0.58475
CONT-000166,0,0,0.0641,0.02338,0.7851
CONT-000167,0,0,0.04078,0.02164,0.3516
CONT-000168,4,0,0.08221,0.08506,0.08632
CONT-000169,2,1,0.9132,0.97648,0.6605
CONT-000170,2,1,0.40688,0.58278,0.23425
CONT-000171,4,0,0.61074,0.73265,0.07726
CONT-000172,0,0,0.00023,0.00015,0.00034
CONT-000173,2,0,0.00072,0.00013,0.00248
CONT-000174,3,0,0.03077,0.03249,0.02989
CONT-000175,3,0,0.00518,0.00394,0.00283
CONT-000176,1,0,0.34159,0.33119,0.34162
CONT-000177,1,0,0.00333,0.00192,0.00896
CONT-000178,2,0,0.1327,0.09259,0.09464
CONT-000179,0,0,0.00048,0.00139,0.00039
CONT-000180,4,1,0.94938,0.95678,0.89578
CONT-000181,3,0,0.0292,0.02328,0.00329
CONT-000182,3,0,0.02002,0.00826,0.01183
CONT-000183,1,0,0.01403,0.0037,0.20187
CONT-000184,4,0,0.00018,0.00014,0.00076
CONT-000185,1,0,0.00143,0.00068,0.00019
CONT-000186,0,1,0.35703,0.50291,0.09826
CONT-000187,0,0,0.00831,0.00206,0.01326
CONT-000188,4,0,0.03362,0.0132,0.02222
CONT-000189,2,0,0.06485,0.01655,0.01582
CONT-000190,2,0,0.00585,0.00094,0.0016
CONT-000191,4,0,0.05675,0.02993,0.01067
CONT-000192,0,0,0.06713,0.01596,0.00586
CONT-000193,2,0,0.01638,0.00254,0.08012
CONT-000194,3,1,0.22119,0.2844,0.50513
CONT-000195,3,1,0.79078,0.87595,0.29386
CONT-000196,1,0,0.32444,0.35288,0.73178
CONT-000197,1,0,0.00045,0.00036,0.00072
CONT-000198,2,1,0.99406,0.99826,0.9952
CONT-000199,0,0,0.05927,0.02008,0.01105
CONT-000200,4,0,0.04332,0.0345,0.01752
CONT-000201,3,1,0.54617,0.60343,0.89506
CONT-000202,3,0,0.00089,0.00018,0.00026
CONT-000203,1,0,0.00079,0.00026,0.00176
CONT-000204,4,0,0.06919,0.02903,0.0532
CONT-000205,1,1,0.77197,0.73962,0.86777
CONT-000206,0,0,0.0066,0.00955,0.00397
CONT-000207,0,0,0.00927,0.00514,0.00976
CONT-000208,4,0,0.00079,0.00044,0.0002
CONT-000209,2,0,0.00397,0.00044,0.00513
CONT-000210,2,1,0.465,0.66728,0.43868
CONT-000211,4,1,0.6317,0.61157,0.07936
CONT-000212,0,0,0.08391,0.02533,0.07014
CONT-000213,2,0,0.05121,0.04263,0.68094
CONT-000214,3,0,0.00026,0.00018,0.00024
CONT-000215,3,0,0.00361,0.00295,0.00577
CONT-000216,1,0,0.2845,0.30457,0.13223
CONT-000217,1,0,0.31453,0.23401,0.36807
CONT-000218,2,0,0.77569,0.87646,0.8711
CONT-000219,0,0,0.00334,0.00105,0.00441
CONT-000220,4,0,0.00914,0.00267,0.00469
CONT-000221,3,0,0.00083,0.00035,0.00208
CONT-000222,3,0,0.00405,0.00176,0.00107
CONT-000223,1,1,0.98488,0.98492,0.996
CONT-000224,4,0,0.011,0.00569,0.02542
CONT-000225,1,1,0.94978,0.96228,0.54175
CONT-000226,0,0,0.00104,0.00068,0.00182
CONT-000227,0,0,0.00025,0.00031,0.0004
CONT-000228,4,1,0.98808,0.98606,0.99074
CONT-000229,2,1,0.97888,0.99619,0.9825
CONT-000230,2,1,0.78545,0.91397,0.80915
CONT-000231,4,0,0.04299,0.06211,0.00878
CONT-000232,0,0,0.00114,0.00022,0.00334
CONT-000233,2,0,0.00163,0.00039,0.02518
CONT-000234,3,0,0.00272,0.0014,0.00126
CONT-000235,3,0,0.00928,0.00896,0.00389
CONT-000236,1,0,0.01558,0.01169,0.02568
CONT-000237,1,0,0.0012,0.00062,0.00061
CONT-000238,2,0,0.00045,0.00014,0.00048
CONT-000239,0,0,0.00131,0.00126,0.00153
CONT-000240,4,1,0.84911,0.87735,0.96488
CONT-000241,3,1,0.46808,0.47201,0.13363
CONT-000242,3,0,0.00171,0.00038,0.00064
CONT-000243,1,0,0.01322,0.00579,0.30418
CONT-000244,4,0,0.00174,0.00059,0.0005
CONT-000245,1,0,0.00059,0.0003,0.00025
CONT-000246,0,0,0.02006,0.02731,0.01218
CONT-000247,0,0,0.00945,0.00148,0.00729
CONT-000248,4,0,0.03305,0.0227,0.07599
CONT-000249,2,0,0.00476,0.00034,0.00042
CONT-000250,2,0,0.005,0.00081,0.00778
CONT-000251,4,0,0.06054,0.03843,0.00323
CONT-000252,0,1,0.92194,0.94711,0.60693
CONT-000253,2,0,0.00123,0.0005,0.01366
CONT-000254,3,0,0.01865,0.00852,0.0093
CONT-000255,3,1,0.34961,0.32549,0.06276
CONT-000256,1,0,0.00371,0.00277,0.00691
CONT-000257,1,0,0.00039,0.00017,0.00139
CONT-000258,2,0,0.03452,0.00513,0.01416
CONT-000259,0,0,0.02521,0.00817,0.01206
CONT-000260,4,0,0.01032,0.01421,0.0152
CONT-000261,3,0,0.22651,0.35012,0.15537
CONT-000262,3,0,0.00516,0.0028,0.02564
CONT-000263,1,0,0.00085,0.00026,0.00862
CONT-000264,4,0,0.00157,0.0008,0.00042
CONT-000265,1,0,0.09058,0.05374,0.0084
CONT-000266,0,1,0.41485,0.54497,0.16885
CONT-000267,0,0,0.11618,0.0393,0.04972
CONT-000268,4,0,0.00091,0.00103,0.00059
CONT-000269,2,0,0.00103,9e-05,0.00024
CONT-000270,2,1,0.26427,0.3468,0.42478
CONT-000271,4,1,0.92273,0.91173,0.93078
CONT-000272,0,0,0.0444,0.00737,0.01611
CONT-000273,2,0,0.00428,0.00056,0.02193
CONT-000274,3,0,0.00048,0.00027,0.00126
CONT-000275,3,0,0.00054,0.00055,0.00145
CONT-000276,1,1,0.35793,0.37697,0.23385
CONT-000277,1,0,0.00083,0.00063,0.00065
CONT-000278,2,0,0.00755,0.00382,0.00711
CONT-000279,0,0,0.00811,0.00199,0.00062
CONT-000280,4,0,0.00338,0.00314,0.02833
CONT-000281,3,1,0.44327,0.47943,0.35848
CONT-000282,3,0,0.00449,0.00071,0.00082
CONT-000283,1,1,0.80627,0.83376,0.96624
CONT-000284,4,0,0.02927,0.01747,0.02617
CONT-000285,1,1,0.99863,0.99955,0.99809
CONT-000286,0,0,0.00033,0.00016,0.00035
CONT-000287,0,0,0.00042,8e-05,0.00032
CONT-000288,4,0,0.03743,0.02206,0.06865
CONT-000289,2,0,0.0019,0.00018,0.00035
CONT-000290,2,0,0.05168,0.05885,0.02138
CONT-000291,4,0,0.0165,0.02086,0.00088
CONT-000292,0,0,0.00028,0.00012,0.00037
CONT-000293,2,0,0.0006,0.0001,0.00332
CONT-000294,3,0,0.00207,0.00149,0.0004
CONT-000295,3,0,0.03508,0.03135,0.024
CONT-000296,1,0,0.03236,0.02224,0.09099
CONT-000297,1,1,0.9972,0.99817,0.99756
CONT-000298,2,0,0.00175,0.00021,0.0014
CONT-000299,0,0,0.00017,0.00013,0.00038
CONT-000300,4,1,0.53277,0.5887,0.57941
CONT-000301,3,0,0.00143,0.00076,0.00033
CONT-000302,3,0,0.02448,0.01229,0.00851
CONT-000303,1,0,0.27437,0.21033,0.90235
CONT-000304,4,0,0.0033,0.00129,0.00332
CONT-000305,1,0,0.40824,0.38035,0.07249
CONT-000306,0,1,0.56826,0.57927,0.16199
CONT-000307,0,0,0.00426,0.00154,0.00138
CONT-000308,4,0,0.01697,0.01411,0.00924
CONT-000309,2,0,0.00306,0.00027,0.00033
CONT-000310,2,0,0.00463,0.00059,0.01101
CONT-000311,4,0,0.00362,0.00195,0.0007
CONT-000312,0,0,0.01144,0.00141,0.00097
CONT-000313,2,0,0.0011,0.00013,0.00692
CONT-000314,3,1,0.86102,0.84013,0.66058
CONT-000315,3,0,0.78216,0.76875,0.75286
CONT-000316,1,0,0.01461,0.00952,0.03738
CONT-000317,1,0,0.00075,0.00041,0.00395
CONT-000318,2,0,0.02272,0.01011,0.01515
CONT-000319,0,0,0.00251,0.00099,0.00094
CONT-000320,4,0,0.37215,0.37427,0.52268
CONT-000321,3,1,0.53845,0.50982,0.25165
CONT-000322,3,0,0.00073,0.00018,0.00028
CONT-000323,1,0,0.07246,0.03658,0.35747
CONT-000324,4,1,0.94278,0.92283,0.93716
CONT-000325,1,0,0.00331,0.00198,0.00077
CONT-000326,0,0,0.24298,0.28576,0.04788
CONT-000327,0,0,0.00207,0.00042,0.00172
CONT-000328,4,0,0.00132,0.00133,0.00265
CONT-000329,2,0,0.00253,0.00029,0.00031
CONT-000330,2,0,0.11633,0.07054,0.09711
CONT-000331,4,1,0.43048,0.4391,0.00873
CONT-000332,0,0,0.00836,0.00257,0.00823
CONT-000333,2,0,0.03211,0.00639,0.20198
CONT-000334,3,0,0.00167,0.00087,0.00191
CONT-000335,3,0,0.00471,0.00393,0.00174
CONT-000336,1,0,0.38524,0.42228,0.36754
CONT-000337,1,0,0.00384,0.00167,0.00729
CONT-000338,2,0,0.00128,0.00012,0.00025
CONT-000339,0,0,0.00561,0.00334,0.00302
CONT-000340,4,0,0.00118,0.00084,0.00144
CONT-000341,3,0,0.00177,0.00051,0.00074
CONT-000342,3,0,0.00219,0.00033,0.0011
CONT-000343,1,0,0.00196,0.00053,0.00584
CONT-000344,4,0,0.01232,0.00706,0.0601
CONT-000345,1,1,0.82395,0.86418,0.49671
CONT-000346,0,0,0.0064,0.00472,0.00955
CONT-000347,0,0,0.00107,0.00031,0.00336
CONT-000348,4,0,0.0039,0.00161,0.00214
CONT-000349,2,0,0.01407,0.00253,0.0129
CONT-000350,2,0,0.04119,0.02157,0.0202
CONT-000351,4,0,0.04464,0.06751,0.00282
CONT-000352,0,0,0.30086,0.10576,0.35378
CONT-000353,2,0,0.00484,0.00043,0.00951
CONT-000354,3,0,0.08829,0.03099,0.02021
CONT-000355,3,0,0.02731,0.01174,0.01386
CONT-000356,1,0,0.04985,0.03236,0.10056
CONT-000357,1,0,0.00358,0.00192,0.0079
CONT-000358,2,0,0.00065,0.00014,0.00043
CONT-000359,0,0,0.00017,9e-05,0.00033
CONT-000360,4,0,0.11624,0.14781,0.10192
CONT-000361,3,1,0.49943,0.47136,0.14758
CONT-000362,3,1,0.98423,0.98941,0.98912
CONT-000363,1,0,0.02701,0.00588,0.14959
CONT-000364,4,0,0.00019,0.00016,0.00044
CONT-000365,1,0,0.00069,0.00023,0.00035
CONT-000366,0,0,0.16969,0.11142,0.05956
CONT-000367,0,0,0.01887,0.00312,0.00464
CONT-000368,4,0,0.00452,0.00312,0.00064
CONT-000369,2,0,0.00227,0.00027,0.00063
CONT-000370,2,0,0.00925,0.00143,0.00444
CONT-000371,4,0,0.01119,0.00777,0.00116
CONT-000372,0,0,0.13638,0.0366,0.04887
CONT-000373,2,0,0.00079,0.0002,0.01442
CONT-000374,3,0,0.03867,0.01713,0.02989
CONT-000375,3,1,0.97325,0.98633,0.73785
CONT-000376,1,0,0.01085,0.00641,0.02914
CONT-000377,1,0,0.15185,0.12646,0.52638
CONT-000378,2,0,0.00145,0.00019,0.00086
CONT-000379,0,0,0.43757,0.26616,0.39536
CONT-000380,4,0,0.00985,0.00739,0.02903
CONT-000381,3,0,0.00182,0.00088,0.00027
CONT-000382,3,0,0.00171,0.0005,0.00104
CONT-000383,1,0,0.00269,0.0008,0.01454
CONT-000384,4,0,0.03471,0.01924,0.05599
CONT-000385,1,0,0.07912,0.05122,0.008
CONT-000386,0,0,0.44948,0.58,0.35751
CONT-000387,0,0,0.04731,0.02086,0.09415
CONT-000388,4,0,0.00085,0.00053,0.00053
CONT-000389,2,0,0.00117,0.00015,0.00182
CONT-000390,2,1,0.93643,0.9864,0.96589
CONT-000391,4,1,0.94528,0.95343,0.83946
CONT-000392,0,0,0.00127,0.00066,0.00071
CONT-000393,2,0,0.01421,0.00383,0.13872
CONT-000394,3,0,0.00075,0.00039,0.00114
CONT-000395,3,0,0.00481,0.00193,0.00158
CONT-000396,1,1,0.88983,0.93612,0.71475
CONT-000397,1,0,0.0247,0.01375,0.01861
CONT-000398,2,0,0.00358,0.00033,0.00057
CONT-000399,0,1,0.94222,0.96981,0.9071
CONT-000400,4,0,0.00114,0.00094,0.00442
CONT-000401,3,1,0.385,0.37247,0.03009
CONT-000402,3,1,0.81132,0.78741,0.62296
CONT-000403,1,0,0.00097,0.00041,0.0058
CONT-000404,4,0,0.09153,0.14864,0.31136
CONT-000405,1,0,0.14003,0.1298,0.28662
CONT-000406,0,0,0.00447,0.00273,0.00102
CONT-000407,0,0,0.00032,0.0003,0.00019
CONT-000408,4,0,0.01192,0.01179,0.00824
CONT-000409,2,0,0.01128,0.00048,0.00098
CONT-000410,2,0,0.01533,0.01121,0.03164
CONT-000411,4,0,0.03231,0.05498,0.00321
CONT-000412,0,0,0.01523,0.00169,0.00769
CONT-000413,2,0,0.00113,0.00016,0.03495
CONT-000414,3,0,0.0059,0.00153,0.00047
CONT-000415,3,0,0.04678,0.03073,0.00274
CONT-000416,1,1,0.37589,0.39177,0.28581
CONT-000417,1,0,0.02138,0.01685,0.01753
CONT-000418,2,0,0.00052,8e-05,0.00015
CONT-000419,0,0,0.00148,0.00201,0.00094
CONT-000420,4,1,0.8945,0.89194,0.9687
CONT-000421,3,1,0.72565,0.89641,0.5212
CONT-000422,3,0,0.54661,0.558,0.72455
CONT-000423,1,0,0.00162,0.00048,0.03014
CONT-000424,4,0,0.00029,0.00022,0.00072
CONT-000425,1,0,0.00058,0.00035,0.00022
CONT-000426,0,0,0.05398,0.03845,0.00716
CONT-000427,0,0,0.00211,0.00045,0.00035
CONT-000428,4,1,0.90963,0.92581,0.98883
CONT-000429,2,0,0.00672,0.00098,0.00084
CONT-000430,2,0,0.04862,0.04452,0.02573
CONT-000431,4,0,0.24673,0.2679,0.01094
CONT-000432,0,0,0.13446,0.03965,0.06973
CONT-000433,2,0,0.00124,0.00024,0.01823
CONT-000434,3,0,0.00683,0.00148,0.0006
CONT-000435,3,0,0.05355,0.03242,0.04538
CONT-000436,1,0,0.21595,0.20184,0.07478
CONT-000437,1,0,0.00029,0.0002,0.00089
CONT-000438,2,0,0.02892,0.01597,0.04011
CONT-000439,0,0,0.00278,0.00106,0.00032
CONT-000440,4,1,0.42928,0.38098,0.36272
CONT-000441,3,1,0.59209,0.62292,0.81611
CONT-000442,3,0,0.16154,0.07042,0.15494
CONT-000443,1,0,0.00062,0.00018,0.00312
CONT-000444,4,0,0.07394,0.06513,0.0342
CONT-000445,1,0,0.09168,0.06046,0.02134
CONT-000446,0,1,0.91541,0.98258,0.91534
CONT-000447,0,0,0.00244,0.00102,0.00072
CONT-000448,4,0,0.00053,0.00037,0.00031
CONT-000449,2,0,0.00234,0.00022,0.00152
CONT-000450,2,1,0.87811,0.95161,0.94629
CONT-000451,4,1,0.34279,0.34797,0.00966
CONT-000452,0,0,0.01847,0.00604,0.00351
CONT-000453,2,0,0.04781,0.01115,0.41582
CONT-000454,3,0,0.20714,0.16071,0.11261
CONT-000455,3,0,0.00046,0.0002,0.00017
CONT-000456,1,0,0.0036,0.00267,0.00821
CONT-000457,1,0,0.01428,0.01069,0.00839
CONT-000458,2,0,0.00246,0.00023,0.00057
CONT-000459,0,1,0.43841,0.41656,0.58946
CONT-000460,4,0,0.00706,0.00415,0.00678
CONT-000461,3,0,0.00551,0.00078,0.00233
CONT-000462,3,0,0.09606,0.06068,0.06141
CONT-000463,1,0,0.00096,0.00055,0.00312
CONT-000464,4,0,0.0022,0.00171,0.00192
CONT-000465,1,0,0.09135,0.10772,0.36376
CONT-000466,0,0,0.01752,0.01372,0.00719
CONT-000467,0,0,0.00837,0.00318,0.00417
CONT-000468,4,0,0.03886,0.03213,0.01212
CONT-000469,2,0,0.02117,0.00402,0.01388
CONT-000470,2,0,0.28161,0.32574,0.26776
CONT-000471,4,0,0.05153,0.05568,0.00254
CONT-000472,0,0,0.00073,0.00038,0.00127
CONT-000473,2,0,0.00078,0.0001,0.00119
CONT-000474,3,0,0.06091,0.03172,0.05074
CONT-000475,3,0,0.0022,0.00096,0.00033
CONT-000476,1,0,0.0004,0.00038,0.00061
CONT-000477,1,0,0.01534,0.01152,0.02806
CONT-000478,2,0,0.00109,0.00022,0.00017
CONT-000479,0,0,0.00043,0.0001,0.00105
CONT-000480,4,1,0.87892,0.86943,0.89204
CONT-000481,3,1,0.46589,0.51068,0.18183
CONT-000482,3,0,0.0107,0.00686,0.02495
CONT-000483,1,0,0.01292,0.00692,0.3666
CONT-000484,4,1,0.85143,0.86382,0.98103
CONT-000485,1,0,0.00198,0.00125,0.00086
CONT-000486,0,0,0.48089,0.63968,0.15925
CONT-000487,0,1,0.72419,0.73631,0.49423
CONT-000488,4,1,0.96557,0.97056,0.98693
CONT-000489,2,1,0.92911,0.97238,0.88364
CONT-000490,2,0,0.0115,0.00274,0.0093
CONT-000491,4,0,0.02547,0.02276,0.00643
CONT-000492,0,0,0.45949,0.17899,0.04257
CONT-000493,2,0,0.00117,0.00015,0.00371
CONT-000494,3,0,0.01473,0.01749,0.03421
CONT-000495,3,1,0.41167,0.59378,0.43303
CONT-000496,1,0,0.00085,0.00046,0.0006
CONT-000497,1,0,0.00055,0.0003,0.00086
CONT-000498,2,1,0.97157,0.99145,0.98417
CONT-000499,0,0,0.00141,0.0005,0.00387
CONT-000500,4,0,0.22134,0.30682,0.48051
CONT-000501,3,0,0.01369,0.00754,0.00587
CONT-000502,3,0,0.00114,0.00035,0.00043
CONT-000503,1,0,0.00091,0.00038,0.00785
CONT-000504,4,0,0.00137,0.00082,0.00135
CONT-000505,1,0,0.01567,0.01186,0.01239
CONT-000506,0,0,0.00487,0.00546,0.00538
CONT-000507,0,0,0.00089,0.00018,0.00117
CONT-000508,4,0,0.27791,0.32167,0.84244
CONT-000509,2,0,0.00182,0.00011,0.00025
CONT-000510,2,0,0.60717,0.76429,0.31316
CONT-000511,4,1,0.49443,0.43806,0.02034
CONT-000512,0,0,0.12297,0.0255,0.00969
CONT-000513,2,0,0.00616,0.00064,0.05211
CONT-000514,3,0,0.27004,0.18738,0.38363
CONT-000515,3,0,0.00057,0.00016,0.00017
CONT-000516,1,0,0.0006,0.00064,0.00073
CONT-000517,1,0,0.00095,0.00049,0.00085
CONT-000518,2,0,0.25466,0.30026,0.02515
CONT-000519,0,0,0.00173,0.00062,0.00129
CONT-000520,4,0,0.07282,0.04275,0.10346
CONT-000521,3,1,0.3219,0.28751,0.00934
CONT-000522,3,0,0.04676,0.01586,0.03305
CONT-000523,1,0,0.01046,0.00263,0.05427
CONT-000524,4,0,0.01234,0.01219,0.0086
CONT-000525,1,1,0.61463,0.6376,0.44022
CONT-000526,0,0,0.00221,0.00463,0.00063
CONT-000527,0,0,0.00062,0.00025,0.00315
CONT-000528,4,0,0.0019,0.00138,0.00052
CONT-000529,2,0,0.00252,0.00017,0.00043
CONT-000530,2,0,0.01573,0.01168,0.02386
CONT-000531,4,0,0.01862,0.02514,0.00557
CONT-000532,0,0,0.00019,8e-05,0.00021
CONT-000533,2,0,0.00057,0.00011,0.00212
CONT-000534,3,0,0.10523,0.05355,0.05267
CONT-000535,3,0,0.00321,0.00217,0.00031
CONT-000536,1,0,0.01573,0.00756,0.00838
CONT-000537,1,0,0.01704,0.01478,0.00476
CONT-000538,2,0,0.00054,0.00012,0.00026
CONT-000539,0,0,0.00086,0.00056,0.00058
CONT-000540,4,1,0.90098,0.91958,0.88977
CONT-000541,3,1,0.98923,0.99283,0.9964
CONT-000542,3,0,0.00299,0.00071,0.00027
CONT-000543,1,1,0.29418,0.16249,0.68245
CONT-000544,4,0,0.00137,0.00129,0.00438
CONT-000545,1,0,0.00187,0.00119,0.00067
CONT-000546,0,0,0.69078,0.73547,0.5447
CONT-000547,0,0,0.01564,0.00262,0.01049
CONT-000548,4,0,0.00974,0.01255,0.0448
CONT-000549,2,0,0.01238,0.00243,0.0006
CONT-000550,2,0,0.00469,0.00042,0.0025
CONT-000551,4,0,0.00362,0.00105,0.00203
CONT-000552,0,0,0.00441,0.00063,0.00074
CONT-000553,2,0,0.05462,0.00938,0.23652
CONT-000554,3,0,0.07828,0.02279,0.0265
CONT-000555,3,0,0.67098,0.65053,0.60164
CONT-000556,1,1,0.65175,0.75106,0.61121
CONT-000557,1,0,0.0012,0.0007,0.00551
CONT-000558,2,0,0.00124,0.00011,0.00056
CONT-000559,0,0,0.03314,0.00872,0.00348
CONT-000560,4,1,0.96114,0.97765,0.93895
CONT-000561,3,1,0.83893,0.86556,0.99852
CONT-000562,3,0,0.00267,0.00118,0.00112
CONT-000563,1,0,0.00099,0.00032,0.0014
CONT-000564,4,1,0.84451,0.81331,0.78658
CONT-000565,1,0,0.14203,0.07481,0.02151
CONT-000566,0,0,0.01003,0.00853,0.00575
CONT-000567,0,0,0.00202,0.00031,0.00301
CONT-000568,4,0,0.00106,0.00064,0.00022
CONT-000569,2,0,0.00421,0.00032,0.00164
CONT-000570,2,1,0.98831,0.99832,0.98481
CONT-000571,4,0,0.01784,0.0052,0.00174
CONT-000572,0,0,0.00158,0.00059,0.00103
CONT-000573,2,0,0.00806,0.00075,0.02527
CONT-000574,3,0,0.00037,0.00011,0.00014
CONT-000575,3,0,0.0005,0.00017,0.00015
CONT-000576,1,1,0.41386,0.48783,0.15809
CONT-000577,1,1,0.99114,0.99607,0.99316
CONT-000578,2,1,0.97711,0.99266,0.99711
CONT-000579,0,0,0.00224,0.00057,0.00212
CONT-000580,4,0,0.0343,0.02393,0.01769
CONT-000581,3,0,0.03289,0.02062,0.00438
CONT-000582,3,1,0.75207,0.83683,0.78362
CONT-000583,1,0,0.01069,0.00297,0.04856
CONT-000584,4,0,0.03162,0.02526,0.05287
CONT-000585,1,0,0.14831,0.09785,0.08641
CONT-000586,0,1,0.15693,0.17854,0.1363
CONT-000587,0,0,0.00458,0.0023,0.00465
CONT-000588,4,0,0.01436,0.0116,0.06818
CONT-000589,2,0,0.00139,0.00016,0.00034
CONT-000590,2,0,0.26015,0.27089,0.46157
CONT-000591,4,0,0.4262,0.43606,0.06617
CONT-000592,0,0,0.00026,0.00031,0.00016
CONT-000593,2,0,0.00672,0.0006,0.00026
CONT-000594,3,0,0.0043,0.00141,0.00091
CONT-000595,3,0,0.00187,0.00123,0.0002
CONT-000596,1,0,0.02699,0.02177,0.1106
CONT-000597,1,0,0.00456,0.00255,0.01414
CONT-000598,2,1,0.96231,0.96321,0.96621
CONT-000599,0,0,0.00016,0.0001,0.00027
CONT-000600,4,1,0.85943,0.88981,0.85626
CONT-000601,3,1,0.53067,0.59329,0.47445
CONT-000602,3,0,0.02498,0.00817,0.01147
CONT-000603,1,0,0.02992,0.01958,0.5866
CONT-000604,4,1,0.83862,0.85589,0.97782
CONT-000605,1,0,0.00127,0.0005,0.00032
CONT-000606,0,1,0.20804,0.35335,0.13796
CONT-000607,0,0,0.00132,0.00059,0.00054
CONT-000608,4,0,0.02081,0.01745,0.02059
CONT-000609,2,0,0.00467,0.00044,0.00381
CONT-000610,2,0,0.01225,0.00349,0.02816
CONT-000611,4,0,0.07895,0.07495,0.00932
CONT-000612,0,0,0.0022,0.00035,0.00074
CONT-000613,2,0,0.01309,0.00252,0.14651
CONT-000614,3,0,0.00143,0.00055,0.00043
CONT-000615,3,1,0.31557,0.30348,0.03354
CONT-000616,1,0,0.0145,0.00768,0.04006
CONT-000617,1,0,0.00802,0.00378,0.00413
CONT-000618,2,0,0.03497,0.01821,0.03439
CONT-000619,0,0,0.00889,0.00311,0.00428
CONT-000620,4,1,0.70678,0.74268,0.34136
CONT-000621,3,0,0.01867,0.02431,0.0079
CONT-000622,3,0,0.00059,0.0002,0.00014
CONT-000623,1,0,0.00367,0.00116,0.00798
CONT-000624,4,0,0.00081,0.00077,0.00061
CONT-000625,1,0,0.00533,0.00307,0.00068
CONT-000626,0,0,0.06619,0.02368,0.02751
CONT-000627,0,0,0.02119,0.00863,0.05252
CONT-000628,4,1,0.87782,0.9087,0.96577
CONT-000629,2,0,0.0549,0.02281,0.08321
CONT-000630,2,1,0.89016,0.98076,0.94507
CONT-000631,4,0,0.10497,0.07008,0.00375
CONT-000632,0,0,0.00225,0.00064,0.00049
CONT-000633,2,0,0.00193,0.00068,0.01089
CONT-000634,3,0,0.0006,0.00054,0.0046
CONT-000635,3,0,0.00088,0.00052,0.00082
CONT-000636,1,0,0.01505,0.01335,0.00887
CONT-000637,1,0,0.01969,0.02385,0.00618
CONT-000638,2,0,0.935,0.97428,0.88226
CONT-000639,0,0,0.05713,0.04069,0.08086
CONT-000640,4,0,0.00506,0.00168,0.00099
CONT-000641,3,1,0.48986,0.51266,0.30124
CONT-000642,3,0,0.00787,0.00171,0.00306
CONT-000643,1,0,0.01291,0.00315,0.06124
CONT-000644,4,1,0.86358,0.88225,0.86557
CONT-000645,1,0,0.1838,0.11948,0.17158
CONT-000646,0,0,0.00134,0.00121,0.00071
CONT-000647,0,0,0.00048,0.00022,0.00428
CONT-000648,4,0,0.00064,0.00066,0.00103
CONT-000649,2,0,0.06163,0.03304,0.03621
CONT-000650,2,0,0.017,0.01159,0.01491
CONT-000651,4,0,0.02045,0.02419,0.00099
CONT-000652,0,0,0.00269,0.0009,0.00288
CONT-000653,2,0,0.00084,8e-05,0.0025
CONT-000654,3,1,0.94538,0.93531,0.94056
CONT-000655,3,0,0.02075,0.01408,0.01541
CONT-000656,1,0,0.03029,0.01952,0.01313
CONT-000657,1,0,0.23365,0.16366,0.42676
CONT-000658,2,0,0.00092,0.00011,0.00092
CONT-000659,0,0,0.00061,0.00027,0.00108
CONT-000660,4,0,0.27316,0.39139,0.58231
CONT-000661,3,0,0.03587,0.0236,0.09842
CONT-000662,3,0,0.02213,0.00943,0.01061
CONT-000663,1,0,0.00413,0.00159,0.01558
CONT-000664,4,0,0.00024,0.00026,0.00015
CONT-000665,1,0,0.82573,0.87247,0.63666
CONT-000666,0,1,0.6509,0.87803,0.42127
CONT-000667,0,1,0.48776,0.42117,0.38584
CONT-000668,4,0,0.01797,0.02661,0.05024
CONT-000669,2,1,0.63017,0.75499,0.65273
CONT-000670,2,0,0.01365,0.00506,0.05075
CONT-000671,4,0,0.01491,0.01667,0.00183
CONT-000672,0,0,0.00215,0.00058,0.00172
CONT-000673,2,1,0.99448,0.99863,0.99825
CONT-000674,3,0,0.00078,0.00034,0.00041
CONT-000675,3,0,0.52481,0.56565,0.53344
CONT-000676,1,0,0.0975,0.07779,0.1217
CONT-000677,1,0,0.00121,0.00124,0.00354
CONT-000678,2,0,0.00097,0.00012,0.00045
CONT-000679,0,0,0.00675,0.0027,0.00045
CONT-000680,4,0,0.16277,0.13434,0.14132
CONT-000681,3,1,0.45125,0.43413,0.07562
CONT-000682,3,0,0.00035,0.00012,0.00026
CONT-000683,1,0,0.00247,0.0006,0.01644
CONT-000684,4,0,0.01444,0.00496,0.00092
CONT-000685,1,0,0.05604,0.03645,0.0073
CONT-000686,0,0,0.0208,0.0115,0.03241
CONT-000687,0,0,0.01742,0.00487,0.0503
CONT-000688,4,0,0.00039,0.00029,0.00027
CONT-000689,2,0,0.06635,0.03385,0.07114
CONT-000690,2,1,0.99469,0.99912,0.99836
CONT-000691,4,0,0.01705,0.02183,0.00282
CONT-000692,0,0,0.08417,0.04499,0.12396
CONT-000693,2,0,0.01604,0.00409,0.61188
CONT-000694,3,0,0.00077,0.00042,0.00143
CONT-000695,3,0,0.00493,0.00088,0.0022
CONT-000696,1,1,0.99108,0.99716,0.98748
CONT-000697,1,0,0.00104,0.00073,0.00161
CONT-000698,2,0,0.00864,0.00068,0.00061
CONT-000699,0,0,0.0098,0.0053,0.00268
CONT-000700,4,0,0.01133,0.0082,0.01651
CONT-000701,3,0,0.00995,0.00244,0.01501
CONT-000702,3,0,0.05063,0.01746,0.05772
CONT-000703,1,0,0.01478,0.00616,0.03272
CONT-000704,4,0,0.00418,0.00123,0.00122
CONT-000705,1,1,0.59279,0.59634,0.75313
CONT-000706,0,0,0.32617,0.15268,0.30051
CONT-000707,0,0,0.00022,9e-05,0.00016
CONT-000708,4,0,0.0013,0.00111,0.00117
CONT-000709,2,0,0.13648,0.03552,0.06859
CONT-000710,2,0,0.01699,0.00098,0.00086
CONT-000711,4,1,0.35285,0.31057,0.00744
CONT-000712,0,0,0.00041,0.00014,0.00019
CONT-000713,2,0,0.00058,8e-05,0.0002
CONT-000714,3,0,0.21283,0.09605,0.04272
CONT-000715,3,1,0.96278,0.97195,0.86076
CONT-000716,1,1,0.83669,0.879,0.84527
CONT-000717,1,0,0.00092,0.00054,0.00107
CONT-000718,2,0,0.00124,0.00018,0.00194
CONT-000719,0,0,0.0007,0.00035,0.0002
CONT-000720,4,1,0.8544,0.82252,0.63338
CONT-000721,3,1,0.50733,0.51536,0.04714
CONT-000722,3,0,0.00392,0.00082,0.00097
CONT-000723,1,0,0.03885,0.01772,0.74587
CONT-000724,4,0,0.00044,0.00016,0.00025
CONT-000725,1,0,0.0008,0.00028,0.00034
CONT-000726,0,0,0.11222,0.05655,0.02214
CONT-000727,0,0,0.02981,0.00617,0.0158
CONT-000728,4,0,0.00065,0.00042,0.0014
CONT-000729,2,0,0.004,0.0002,0.00053
CONT-000730,2,0,0.00371,0.00055,0.00531
CONT-000731,4,0,0.00354,0.00224,0.00248
CONT-000732,0,0,0.01903,0.0022,0.00126
CONT-000733,2,0,0.00102,0.00013,0.0055
CONT-000734,3,1,0.84084,0.91278,0.53281
CONT-000735,3,0,0.02222,0.01967,0.02493
CONT-000736,1,0,0.01042,0.00629,0.0267
CONT-000737,1,0,0.00123,0.00061,0.00203
CONT-000738,2,0,0.028,0.02172,0.02006
CONT-000739,0,0,0.00498,0.00171,0.00143
CONT-000740,4,0,0.01258,0.01826,0.02417
CONT-000741,3,1,0.23508,0.40745,0.35114
CONT-000742,3,0,0.00058,0.00018,0.00014
CONT-000743,1,0,0.00253,0.00129,0.05866
CONT-000744,4,0,0.00592,0.00231,0.00167
CONT-000745,1,0,0.004,0.00183,0.00254
CONT-000746,0,1,0.79685,0.7369,0.48188
CONT-000747,0,0,0.03318,0.00651,0.04477
CONT-000748,4,0,0.00106,0.00027,0.00038
CONT-000749,2,0,0.00389,0.00044,0.00383
CONT-000750,2,1,0.991,0.99901,0.99816
CONT-000751,4,1,0.70716,0.73454,0.03832
CONT-000752,0,0,0.00168,0.00029,0.00087
CONT-000753,2,0,0.43786,0.39743,0.3264
CONT-000754,3,0,0.0002,9e-05,0.00034
CONT-000755,3,0,0.00035,0.00022,0.00031
CONT-000756,1,0,0.01154,0.01084,0.01272
CONT-000757,1,0,0.00109,0.00081,0.00894
CONT-000758,2,0,0.00228,0.00017,0.00042
CONT-000759,0,1,0.99723,0.99827,0.98904
CONT-000760,4,0,0.00295,0.00144,0.00596
CONT-000761,3,1,0.69553,0.7605,0.50598
CONT-000762,3,0,0.2527,0.20489,0.0289
CONT-000763,1,0,0.00447,0.0009,0.0357
CONT-000764,4,0,0.00048,0.00038,0.00059
CONT-000765,1,1,0.94903,0.9725,0.49309
CONT-000766,0,0,0.00054,0.00045,0.00059
CONT-000767,0,0,0.00346,0.00134,0.00347
CONT-000768,4,0,0.07703,0.10943,0.06251
CONT-000769,2,0,0.00844,0.00035,0.00033
CONT-000770,2,0,0.03809,0.03662,0.14547
CONT-000771,4,0,0.01828,0.00838,0.00214
CONT-000772,0,0,0.00267,0.00128,0.00353
CONT-000773,2,1,0.8719,0.96483,0.94684
CONT-000774,3,1,0.99209,0.99706,0.99457
CONT-000775,3,0,0.00215,0.00054,0.0002
CONT-000776,1,0,0.00047,0.00032,0.00078
CONT-000777,1,0,0.00138,0.00094,0.00295
CONT-000778,2,0,0.0016,0.00031,0.00043
CONT-000779,0,0,0.00019,0.00017,0.00039
CONT-000780,4,1,0.97904,0.98157,0.76424
CONT-000781,3,0,0.0014,0.00052,0.00016
CONT-000782,3,0,0.00486,0.00182,0.00202
CONT-000783,1,0,0.00079,0.0002,0.00458
CONT-000784,4,0,0.00022,0.00012,0.00032
CONT-000785,1,0,0.00076,0.00042,0.0006
CONT-000786,0,0,0.04832,0.06157,0.03978
CONT-000787,0,1,0.263,0.16235,0.72845
CONT-000788,4,0,0.00209,0.0018,0.00546
CONT-000789,2,1,0.98517,0.99771,0.9781
CONT-000790,2,0,0.00085,8e-05,0.00013
CONT-000791,4,0,0.03201,0.02499,0.00828
CONT-000792,0,0,0.00613,0.001,0.00077
CONT-000793,2,0,0.0185,0.00455,0.33271
CONT-000794,3,0,0.00054,0.00018,0.00035
CONT-000795,3,1,0.99552,0.99826,0.99534
CONT-000796,1,1,0.98707,0.99341,0.97508
CONT-000797,1,0,0.10469,0.10496,0.16312
CONT-000798,2,1,0.9755,0.99292,0.98027
CONT-000799,0,0,0.01431,0.00361,0.00071
CONT-000800,4,1,0.9853,0.98918,0.99815
CONT-000801,3,1,0.48166,0.53417,0.18565
CONT-000802,3,0,0.00573,0.00114,0.00149
CONT-000803,1,0,0.04411,0.02092,0.1782
CONT-000804,4,0,0.04088,0.02113,0.04766
CONT-000805,1,0,0.00255,0.00154,0.00064
CONT-000806,0,1,0.99806,0.99958,0.99043
CONT-000807,0,0,0.00867,0.00258,0.00494
CONT-000808,4,0,0.0004,0.00027,0.0005
CONT-000809,2,0,0.00093,7e-05,0.00026
CONT-000810,2,1,0.41626,0.53536,0.6158
CONT-000811,4,0,0.00994,0.0118,0.00127
CONT-000812,0,0,0.19545,0.12,0.01256
CONT-000813,2,0,0.02432,0.00636,0.22704
CONT-000814,3,1,0.93976,0.93953,0.93437
CONT-000815,3,0,0.0016,0.00082,0.00097
CONT-000816,1,0,0.00044,0.00071,0.00065
CONT-000817,1,0,0.00104,0.00076,0.00054
CONT-000818,2,0,0.02031,0.00475,0.00647
CONT-000819,0,0,0.00473,0.00111,0.00384
CONT-000820,4,0,0.05762,0.03538,0.06336
CONT-000821,3,0,0.01829,0.01126,0.02627
CONT-000822,3,0,0.00405,0.0007,0.00121
CONT-000823,1,0,0.02412,0.00838,0.16266
CONT-000824,4,0,0.05792,0.04859,0.08815
CONT-000825,1,0,0.12088,0.10231,0.10023
CONT-000826,0,0,0.00122,0.00053,0.0005
CONT-000827,0,0,0.04769,0.0173,0.11764
CONT-000828,4,0,0.00705,0.00339,0.00104
CONT-000829,2,0,0.00658,0.00049,0.00135
CONT-000830,2,1,0.69759,0.95171,0.87609
CONT-000831,4,0,0.05289,0.03225,0.00254
CONT-000832,0,0,0.00058,0.0002,0.00063
CONT-000833,2,0,0.00232,0.00042,0.04375
CONT-000834,3,0,0.00182,0.00084,0.00161
CONT-000835,3,0,0.00445,0.00151,0.00015
CONT-000836,1,0,0.00892,0.00573,0.0102
CONT-000837,1,1,0.47633,0.42128,0.42363
CONT-000838,2,0,0.00085,0.00013,0.00511
CONT-000839,0,0,0.00139,0.00062,0.00069
CONT-000840,4,1,0.90523,0.89824,0.74745
CONT-000841,3,1,0.5143,0.62102,0.38038
CONT-000842,3,0,0.05672,0.03364,0.02221
CONT-000843,1,1,0.09311,0.12025,0.67402
CONT-000844,4,0,0.00082,0.00075,0.00122
CONT-000845,1,0,0.00509,0.00281,0.00134
CONT-000846,0,0,0.45185,0.48558,0.1629
CONT-000847,0,0,0.02016,0.00549,0.01686
CONT-000848,4,0,0.00085,0.00086,0.00088
CONT-000849,2,0,0.00636,0.00041,0.00162
CONT-000850,2,0,0.01723,0.00382,0.02084
CONT-000851,4,1,0.82558,0.85137,0.3559
CONT-000852,0,0,0.00619,0.00074,0.00064
CONT-000853,2,0,0.0053,0.0003,0.00925
CONT-000854,3,0,0.12974,0.04367,0.06524
CONT-000855,3,0,0.05661,0.02379,0.03876
CONT-000856,1,1,0.6331,0.76488,0.23705
CONT-000857,1,0,0.00143,0.0007,0.00163
CONT-000858,2,0,0.55017,0.41632,0.32298
CONT-000859,0,0,0.00787,0.00293,0.00432
CONT-000860,4,0,0.00713,0.01142,0.01031
CONT-000861,3,0,0.05423,0.05481,0.00824
CONT-000862,3,0,0.04965,0.02943,0.02114
CONT-000863,1,1,0.86704,0.85893,0.99341
CONT-000864,4,0,0.003,0.00224,0.0013
CONT-000865,1,0,0.00274,0.00147,0.00815
CONT-000866,0,0,0.23982,0.44592,0.34083
CONT-000867,0,0,0.00062,0.00017,0.00094
CONT-000868,4,0,0.08783,0.04539,0.10907
CONT-000869,2,0,0.00204,0.00026,0.00031
CONT-000870,2,1,0.8486,0.9463,0.91604
CONT-000871,4,0,0.02796,0.02207,0.00134
CONT-000872,0,0,0.03373,0.01475,0.02505
CONT-000873,2,0,0.79925,0.84023,0.86516
CONT-000874,3,0,0.00066,0.00012,0.00023
CONT-000875,3,0,0.0006,0.00056,0.00019
CONT-000876,1,0,0.013,0.01129,0.00894
CONT-000877,1,0,0.00882,0.01211,0.01811
CONT-000878,2,0,0.01989,0.01471,0.03111
CONT-000879,0,0,0.08358,0.05827,0.09312
CONT-000880,4,0,0.01637,0.01115,0.03977
CONT-000881,3,1,0.39929,0.39569,0.04774
CONT-000882,3,0,0.03785,0.01346,0.0281
CONT-000883,1,0,0.0008,0.0002,0.00893
CONT-000884,4,0,0.00155,0.00153,0.00098
CONT-000885,1,0,0.59137,0.62903,0.8123
CONT-000886,0,0,0.00056,0.00036,0.00041
CONT-000887,0,0,0.00028,0.00014,0.00245
CONT-000888,4,0,0.00474,0.00248,0.00103
CONT-000889,2,1,0.98964,0.99786,0.99432
CONT-000890,2,1,0.97625,0.99554,0.99811
CONT-000891,4,0,0.50645,0.47226,0.0128
CONT-000892,0,0,0.00176,0.00114,0.00141
CONT-000893,2,0,0.00059,9e-05,0.00153
CONT-000894,3,0,0.09887,0.06677,0.05281
CONT-000895,3,0,0.00175,0.00049,0.00015
CONT-000896,1,1,0.35071,0.37414,0.20175
CONT-000897,1,0,0.0118,0.01399,0.03084
CONT-000898,2,0,0.00226,0.00046,0.00204
CONT-000899,0,0,0.0002,8e-05,0.00028
CONT-000900,4,1,0.9001,0.90879,0.88297
CONT-000901,3,1,0.89833,0.93212,0.98208
CONT-000902,3,0,0.0015,0.00058,0.00052
CONT-000903,1,0,0.0195,0.01024,0.35856
CONT-000904,4,0,0.0002,0.00012,0.00019
CONT-000905,1,0,0.00599,0.00544,0.00267
CONT-000906,0,0,0.02345,0.01357,0.00794
CONT-000907,0,0,0.00095,0.0004,0.00079
CONT-000908,4,0,0.00082,0.00141,0.00121
CONT-000909,2,1,0.94871,0.9849,0.88584
CONT-000910,2,1,0.97737,0.99459,0.98751
CONT-000911,4,0,0.01142,0.00408,0.00177
CONT-000912,0,0,0.00706,0.00113,0.00075
CONT-000913,2,0,0.00643,0.00038,0.01536
CONT-000914,3,0,0.039,0.03116,0.00688
CONT-000915,3,1,0.47588,0.45912,0.39874
CONT-000916,1,0,0.00104,0.00064,0.00112
CONT-000917,1,0,0.09748,0.07808,0.44448
CONT-000918,2,0,0.00465,0.0004,0.00101
CONT-000919,0,0,0.00235,0.00068,0.00146
CONT-000920,4,0,0.0195,0.017,0.05079
CONT-000921,3,1,0.55536,0.6307,0.89497
CONT-000922,3,0,0.00057,0.00011,0.00027
CONT-000923,1,0,0.001,0.00052,0.00273
CONT-000924,4,0,0.27587,0.20357,0.22743
CONT-000925,1,0,0.37515,0.42739,0.01901
CONT-000926,0,0,0.02181,0.01498,0.00616
CONT-000927,0,0,0.41943,0.26924,0.07606
CONT-000928,4,0,0.0008,0.00034,0.00029
CONT-000929,2,0,0.01125,0.00284,0.01033
CONT-000930,2,1,0.89218,0.96213,0.93202
CONT-000931,4,1,0.96562,0.97514,0.56443
CONT-000932,0,0,0.00377,0.00088,0.0008
CONT-000933,2,0,0.01832,0.0121,0.0173
CONT-000934,3,0,0.00145,0.00086,0.0033
CONT-000935,3,0,0.00249,0.00088,0.00101
CONT-000936,1,0,0.03849,0.0281,0.14512
CONT-000937,1,0,0.00341,0.00266,0.00193
CONT-000938,2,0,0.001,9e-05,0.00104
CONT-000939,0,0,0.01774,0.00778,0.00703
CONT-000940,4,0,0.02993,0.01267,0.02153
CONT-000941,3,0,0.00294,0.00071,0.00119
CONT-000942,3,0,0.09644,0.02811,0.02348
CONT-000943,1,0,0.02358,0.00793,0.16285
CONT-000944,4,0,0.05999,0.04494,0.04408
CONT-000945,1,0,0.75481,0.74196,0.83898
CONT-000946,0,0,0.01593,0.01685,0.00588
CONT-000947,0,0,0.00024,0.00012,0.00218
CONT-000948,4,0,0.00441,0.00224,0.00097
CONT-000949,2,0,0.02083,0.00488,0.00753
CONT-000950,2,0,0.01741,0.00851,0.0199
CONT-000951,4,0,0.03828,0.04383,0.00451
CONT-000952,0,0,0.00599,0.00064,0.00447
CONT-000953,2,0,0.00143,0.0002,0.02127
CONT-000954,3,0,0.00153,0.00046,0.00055
CONT-000955,3,0,0.03809,0.02645,0.02055
CONT-000956,1,1,0.52595,0.6129,0.44259
CONT-000957,1,0,0.01867,0.02545,0.00729
CONT-000958,2,0,0.00515,0.00186,0.00265
CONT-000959,0,0,0.00243,0.00048,0.00344
CONT-000960,4,1,0.45883,0.49263,0.30783
CONT-000961,3,1,0.46618,0.52409,0.16059
CONT-000962,3,0,0.00343,0.00082,0.00128
CONT-000963,1,0,0.11013,0.06015,0.77145
CONT-000964,4,0,0.00084,0.00072,0.00232
CONT-000965,1,0,0.00302,0.00107,0.00092
CONT-000966,0,0,0.06028,0.06308,0.01235
CONT-000967,0,0,0.00114,0.00034,0.00042
CONT-000968,4,1,0.96235,0.96686,0.99385
CONT-000969,2,0,0.01781,0.00638,0.01182
CONT-000970,2,0,0.00307,0.00037,0.00331
CONT-000971,4,0,0.00531,0.00084,0.00161
CONT-000972,0,0,0.22365,0.12335,0.06168
CONT-000973,2,0,0.606,0.59061,0.50464
CONT-000974,3,0,0.03832,0.01491,0.00917
CONT-000975,3,1,0.62851,0.67364,0.39328
CONT-000976,1,0,0.00239,0.00113,0.00448
CONT-000977,1,0,0.00038,0.00029,0.00061
CONT-000978,2,0,0.2818,0.29114,0.03716
CONT-000979,0,0,0.0085,0.00342,0.00081
CONT-000980,4,1,0.12823,0.1376,0.05469
CONT-000981,3,0,0.03475,0.01051,0.01459
CONT-000982,3,0,0.00255,0.00019,0.00011
CONT-000983,1,0,0.0026,0.00059,0.08055
CONT-000984,4,0,0.02192,0.01538,0.07834
CONT-000985,1,0,0.08013,0.06123,0.00646
CONT-000986,0,0,0.01761,0.01767,0.01704
CONT-000987,0,0,0.01821,0.00409,0.01164
CONT-000988,4,0,0.00272,0.00135,0.00173
CONT-000989,2,0,0.00079,0.0001,0.00014
CONT-000990,2,1,0.96865,0.99501,0.93599
CONT-000991,4,0,0.04395,0.04274,0.00349
CONT-000992,0,0,0.00232,0.0003,0.00093
CONT-000993,2,0,0.012,0.00129,0.01305
CONT-000994,3,0,0.00035,0.00011,0.00045
CONT-000995,3,0,0.00027,0.00012,0.00016
CONT-000996,1,0,0.01452,0.01388,0.01144
CONT-000997,1,0,0.0011,0.00072,0.00264
CONT-000998,2,0,0.01157,0.00322,0.00193
CONT-000999,0,0,0.04818,0.01498,0.02181
CONT-001000,4,0,0.0745,0.07198,0.02182
CONT-001001,3,1,0.46593,0.51328,0.60784
CONT-001002,3,0,0.00667,0.00154,0.00032
CONT-001003,1,0,0.03435,0.01019,0.03681
CONT-001004,4,1,0.97364,0.97847,0.97713
CONT-001005,1,0,0.15741,0.10309,0.21159
CONT-001006,0,0,0.0005,0.00033,0.00064
CONT-001007,0,0,0.00366,0.0018,0.00108
CONT-001008,4,0,0.12758,0.10505,0.03857
CONT-001009,2,0,0.00442,0.00069,0.00194
CONT-001010,2,0,0.02344,0.01644,0.02782
CONT-001011,4,0,0.00087,0.00033,0.00037
CONT-001012,0,0,0.00085,0.00028,0.00022
CONT-001013,2,0,0.00174,0.00043,0.04954
CONT-001014,3,0,0.00521,0.00206,0.00222
CONT-001015,3,0,0.02643,0.02699,0.00572
CONT-001016,1,0,0.40162,0.38603,0.10868
CONT-001017,1,0,0.00163,0.00159,0.00239
CONT-001018,2,0,0.0008,0.00014,0.00019
CONT-001019,0,0,0.00167,0.00116,0.00328
CONT-001020,4,1,0.6365,0.66394,0.56716
CONT-001021,3,1,0.88919,0.93998,0.71485
CONT-001022,3,0,0.00217,0.00106,0.00101
CONT-001023,1,0,0.01877,0.00655,0.23828
CONT-001024,4,0,0.00057,0.00037,0.00041
CONT-001025,1,0,0.00068,0.00064,0.00048
CONT-001026,0,1,0.89608,0.94714,0.41281
CONT-001027,0,0,0.00127,0.00031,0.00227
CONT-001028,4,0,0.01695,0.01518,0.01738
CONT-001029,2,0,0.0157,0.00313,0.00378
CONT-001030,2,1,0.53993,0.85714,0.48003
CONT-001031,4,0,0.09098,0.08,0.02052
CONT-001032,0,0,0.00472,0.00093,0.00058
CONT-001033,2,0,0.00253,0.00035,0.00917
CONT-001034,3,0,0.00095,0.00054,0.00104
CONT-001035,3,1,0.52988,0.52584,0.43895
CONT-001036,1,0,0.01737,0.01519,0.02748
CONT-001037,1,0,0.00054,0.00025,0.00108
CONT-001038,2,1,0.96975,0.9939,0.96949
CONT-001039,0,0,0.24829,0.26695,0.19576
CONT-001040,4,1,0.99257,0.99489,0.98365
CONT-001041,3,1,0.48807,0.48953,0.16173
CONT-001042,3,0,0.00063,0.0002,0.00039
CONT-001043,1,0,0.00104,0.00024,0.00192
CONT-001044,4,0,0.00195,0.0011,0.0007
CONT-001045,1,0,0.18569,0.13626,0.01963
CONT-001046,0,1,0.9472,0.97382,0.77192
CONT-001047,0,0,0.01446,0.00472,0.00151
CONT-001048,4,0,0.00044,0.00024,0.00052
CONT-001049,2,0,0.00121,0.0001,0.00031
CONT-001050,2,0,0.34139,0.44674,0.22302
CONT-001051,4,0,0.01826,0.01595,0.00236
CONT-001052,0,0,0.00353,0.00055,0.00086
CONT-001053,2,0,0.00152,0.00014,0.03211
CONT-001054,3,0,0.00054,0.00042,0.00125
CONT-001055,3,0,0.00036,0.00021,0.00013
CONT-001056,1,1,0.81841,0.92837,0.65612
CONT-001057,1,0,0.00073,0.00042,0.00094
CONT-001058,2,0,0.00847,0.00099,0.00437
CONT-001059,0,0,0.00162,0.00041,0.00121
CONT-001060,4,0,0.19881,0.31481,0.32063
CONT-001061,3,0,0.00296,0.00155,0.00175
CONT-001062,3,0,0.00564,0.00132,0.0014
CONT-001063,1,0,0.00574,0.00138,0.06921
CONT-001064,4,0,0.00059,0.00056,0.00108
CONT-001065,1,0,0.28339,0.29297,0.22652
CONT-001066,0,0,0.00041,0.00327,0.0004
CONT-001067,0,0,0.02001,0.01237,0.01039
CONT-001068,4,0,0.00847,0.00484,0.00091
CONT-001069,2,1,0.99378,0.99889,0.99615
CONT-001070,2,0,0.15726,0.38257,0.07613
CONT-001071,4,0,0.02858,0.00859,0.00496
CONT-001072,0,0,0.00025,0.00014,0.00017
CONT-001073,2,0,0.0005,0.00012,0.00305
CONT-001074,3,0,0.6267,0.48764,0.27206
CONT-001075,3,0,0.01378,0.01884,0.0024
CONT-001076,1,1,0.44145,0.43317,0.16808
CONT-001077,1,0,0.01325,0.01189,0.03293
CONT-001078,2,0,0.00065,0.00014,0.00113
CONT-001079,0,1,0.47819,0.61179,0.73953
CONT-001080,4,1,0.36639,0.52296,0.64102
CONT-001081,3,1,0.42505,0.45097,0.07055
CONT-001082,3,0,0.00104,0.00037,0.00069
CONT-001083,1,0,0.01999,0.00592,0.54487
CONT-001084,4,0,0.00195,0.00188,0.00274
CONT-001085,1,0,0.14312,0.10739,0.02061
CONT-001086,0,0,0.57168,0.69895,0.13893
CONT-001087,0,0,0.00318,0.00124,0.00578
CONT-001088,4,0,0.02264,0.0217,0.00777
CONT-001089,2,0,0.00985,0.00087,0.00061
CONT-001090,2,0,0.01443,0.00276,0.02067
CONT-001091,4,0,0.06911,0.04906,0.0091
CONT-001092,0,0,0.07864,0.03211,0.02929
CONT-001093,2,0,0.04969,0.03778,0.28132
CONT-001094,3,0,0.0006,0.0004,0.00036
CONT-001095,3,1,0.4138,0.51125,0.2891
CONT-001096,1,0,0.01841,0.01739,0.0153
CONT-001097,1,0,0.00083,0.00065,0.00409
CONT-001098,2,0,0.21788,0.15203,0.03153
CONT-001099,0,1,0.98655,0.9948,0.96391
CONT-001100,4,1,0.70627,0.7717,0.84249
CONT-001101,3,1,0.66306,0.66328,0.26183
CONT-001102,3,0,0.00132,0.00025,0.00013
CONT-001103,1,0,0.00252,0.00141,0.03646
CONT-001104,4,0,0.05398,0.02864,0.01794
CONT-001105,1,1,0.99538,0.99833,0.98377
CONT-001106,0,1,0.94334,0.99287,0.94591
CONT-001107,0,0,0.00238,0.00037,0.001
CONT-001108,4,0,0.00344,0.00177,0.00224
CONT-001109,2,0,0.00588,0.00061,0.00148
CONT-001110,2,1,0.66155,0.69973,0.62633
CONT-001111,4,1,0.32381,0.32049,0.02084
CONT-001112,0,0,0.01054,0.00171,0.00083
CONT-001113,2,0,0.00162,0.00013,0.00043
CONT-001114,3,0,0.0003,0.00022,0.00016
CONT-001115,3,0,0.00698,0.00524,0.00267
CONT-001116,1,0,0.01889,0.01412,0.01159
CONT-001117,1,0,0.00437,0.00255,0.00568
CONT-001118,2,0,0.00152,0.00023,0.00041
CONT-001119,0,0,0.00715,0.00188,0.00172
CONT-001120,4,0,0.01083,0.00919,0.02452
CONT-001121,3,1,0.40455,0.45387,0.19974
CONT-001122,3,0,0.00452,0.00203,0.00094
CONT-001123,1,1,0.96008,0.9579,0.88434
CONT-001124,4,0,0.00029,0.00029,0.00105
CONT-001125,1,0,0.15625,0.11482,0.05884
CONT-001126,0,0,0.00071,0.00031,0.00081
CONT-001127,0,1,0.82412,0.85091,0.98794
CONT-001128,4,0,0.01878,0.02566,0.01608
CONT-001129,2,1,0.65757,0.68839,0.97139
CONT-001130,2,1,0.76163,0.82798,0.85419
CONT-001131,4,0,0.15677,0.20182,0.0709
CONT-001132,0,0,0.00217,0.00118,0.00998
CONT-001133,2,0,0.00351,0.00058,0.04742
CONT-001134,3,0,0.00995,0.00316,0.0008
CONT-001135,3,1,0.70153,0.66175,0.81556
CONT-001136,1,0,0.32609,0.33001,0.30611
CONT-001137,1,0,0.0417,0.02693,0.03425
CONT-001138,2,0,0.0034,0.00072,0.00186
CONT-001139,0,0,0.00064,0.00048,0.00113
CONT-001140,4,1,0.71388,0.79007,0.68215
CONT-001141,3,0,0.02683,0.01591,0.00239
CONT-001142,3,0,0.0022,0.00042,0.00054
CONT-001143,1,0,0.00857,0.00237,0.00861
CONT-001144,4,0,0.00347,0.00126,0.00408
CONT-001145,1,0,0.00512,0.00303,0.00711
CONT-001146,0,0,0.05498,0.04488,0.00832
CONT-001147,0,0,0.02072,0.01029,0.02657
CONT-001148,4,0,0.0007,0.00067,0.00174
CONT-001149,2,0,0.00182,0.0002,0.00064
CONT-001150,2,0,0.00305,0.00043,0.00215
CONT-001151,4,0,0.02267,0.01671,0.0028
CONT-001152,0,0,0.28765,0.234,0.08182
CONT-001153,2,0,0.02516,0.0083,0.23951
CONT-001154,3,0,0.04657,0.02055,0.00796
CONT-001155,3,1,0.71208,0.63984,0.61638
CONT-001156,1,0,0.00956,0.00841,0.03165
CONT-001157,1,0,0.00033,0.00031,0.00047
CONT-001158,2,0,0.01428,0.00194,0.01249
CONT-001159,0,0,0.05181,0.02302,0.03259
CONT-001160,4,0,0.02506,0.05302,0.02563
CONT-001161,3,1,0.55656,0.60707,0.80918
CONT-001162,3,0,0.00344,0.00211,0.00306
CONT-001163,1,0,0.0026,0.00074,0.02483
CONT-001164,4,0,0.0022,0.00163,0.00075
CONT-001165,1,0,0.05646,0.05207,0.00552
CONT-001166,0,1,0.96531,0.99529,0.97878
CONT-001167,0,1,0.97879,0.98107,0.99777
CONT-001168,4,0,0.00151,0.00125,0.00141
CONT-001169,2,0,0.00406,0.00051,0.00193
CONT-001170,2,1,0.33248,0.35319,0.48363
CONT-001171,4,1,0.85417,0.89886,0.31227
CONT-001172,0,0,0.50378,0.42749,0.92739
CONT-001173,2,1,0.99628,0.99908,0.99482
CONT-001174,3,0,0.00028,0.0002,0.00027
CONT-001175,3,0,0.00036,0.00056,0.00019
CONT-001176,1,1,0.95165,0.98175,0.96166
CONT-001177,1,0,0.01731,0.01366,0.02307
CONT-001178,2,0,0.00103,8e-05,0.00028
CONT-001179,0,0,0.10801,0.06642,0.12189
CONT-001180,4,0,0.0064,0.00505,0.02594
CONT-001181,3,0,0.01103,0.0135,0.01143
CONT-001182,3,0,0.04064,0.02951,0.03466
CONT-001183,1,0,0.00094,0.00033,0.00238
CONT-001184,4,0,0.00031,0.00021,0.00099
CONT-001185,1,0,0.17001,0.0846,0.11263
CONT-001186,0,0,0.0009,0.00095,0.00041
CONT-001187,0,0,0.00029,0.00037,0.00032
CONT-001188,4,0,0.02319,0.02494,0.07896
CONT-001189,2,0,0.01066,0.00197,0.00755
CONT-001190,2,0,0.04907,0.02361,0.06003
CONT-001191,4,0,0.03884,0.0342,0.00377
CONT-001192,0,0,0.0008,0.00022,0.0022
CONT-001193,2,0,0.01909,0.00255,0.03957
CONT-001194,3,0,0.15753,0.1695,0.02119
CONT-001195,3,0,0.07054,0.07103,0.0315
CONT-001196,1,0,0.00912,0.0065,0.00563
CONT-001197,1,0,0.001,0.00083,0.00171
CONT-001198,2,0,0.00107,0.00017,0.0002
CONT-001199,0,0,0.00577,0.00345,0.00895
CONT-001200,4,0,0.45517,0.54763,0.31488
