container_id,fold,label,p_tabpfn_plus,p_tabpfn_thinking,p_tabpfn_fast,p_hist_gbm
CONT-000001,3,1,0.17875,0.38316,0.20129,0.02732
CONT-000002,3,0,0.00335,0.00075,0.00216,0.00421
CONT-000003,1,0,0.0183,0.00781,0.03045,0.01464
CONT-000004,4,0,0.00322,0.01106,0.00333,0.00116
CONT-000005,1,0,0.02763,0.04163,0.04362,0.00255
CONT-000006,0,1,0.48971,0.63498,0.52304,0.15472
CONT-000007,0,1,0.8976,0.84677,0.87809,0.74909
CONT-000008,4,0,0.05687,0.04461,0.06477,0.1059
CONT-000009,2,0,0.00395,0.00375,0.00292,0.00846
CONT-000010,2,0,0.06422,0.08709,0.1096,0.33687
CONT-000011,4,0,0.01516,0.04812,0.03011,0.00102
CONT-000012,0,0,0.03524,0.02976,0.03371,0.02814
CONT-000013,2,0,0.06535,0.03214,0.08023,0.59422
CONT-000014,3,0,0.16116,0.0692,0.14613,0.07741
CONT-000015,3,0,0.46321,0.53946,0.4913,0.32213
CONT-000016,1,0,0.08692,0.09973,0.089,0.02911
CONT-000017,1,0,0.03554,0.02248,0.03709,0.0148
CONT-000018,2,0,0.00276,0.0028,0.00141,0.01552
CONT-000019,0,0,0.14166,0.14181,0.1331,0.11534
CONT-000020,4,0,0.31682,0.41017,0.30084,0.56812
CONT-000021,3,0,0.00379,0.00071,0.00194,0.00312
CONT-000022,3,0,0.00119,0.00017,0.00029,0.00022
CONT-000023,1,0,0.02564,0.00958,0.03649,0.01319
CONT-000024,4,0,0.02121,0.01468,0.02184,0.02688
CONT-000025,1,0,0.0237,0.02578,0.0208,0.00152
CONT-000026,0,1,0.42603,0.7171,0.53069,0.46474
CONT-000027,0,0,0.10968,0.13972,0.18859,0.13275
CONT-000028,4,0,0.00458,0.0085,0.00586,0.00345
CONT-000029,2,0,0.0097,0.02797,0.00656,0.0105
CONT-000030,2,0,0.18895,0.34172,0.25881,0.69649
CONT-000031,4,0,0.43144,0.56395,0.50668,0.14072
CONT-000032,0,1,0.30557,0.33138,0.26073,0.3943
CONT-000033,2,0,0.00305,0.00302,0.00254,0.16177
CONT-000034,3,0,0.00047,0.00011,0.00014,0.00027
CONT-000035,3,0,0.00148,0.00031,0.00055,0.00059
CONT-000036,1,1,0.20057,0.26712,0.2306,0.15413
CONT-000037,1,0,0.01271,0.01324,0.01475,0.00468
CONT-000038,2,0,0.01239,0.00713,0.01458,0.03877
CONT-000039,0,0,0.00908,0.01171,0.01393,0.00558
CONT-000040,4,0,0.00964,0.01819,0.00924,0.05094
CONT-000041,3,1,0.00283,0.00046,0.00077,0.00124
CONT-000042,3,0,0.00573,0.00056,0.00259,0.00094
CONT-000043,1,0,0.08645,0.02389,0.11325,0.13423
CONT-000044,4,0,0.00212,0.00491,0.00258,0.0033
CONT-000045,1,0,0.30525,0.2521,0.29805,0.21905
CONT-000046,0,0,0.01339,0.03036,0.01836,0.00566
CONT-000047,0,1,0.23191,0.18006,0.26018,0.49279
CONT-000048,4,0,0.01233,0.01546,0.01138,0.0132
CONT-000049,2,0,0.04971,0.02908,0.08575,0.03067
CONT-000050,2,0,0.29679,0.30155,0.31617,0.30302
CONT-000051,4,1,0.68261,0.75519,0.74977,0.18548
CONT-000052,0,0,0.01471,0.01367,0.0113,0.00872
CONT-000053,2,0,0.01319,0.00903,0.01144,0.10874
CONT-000054,3,0,0.00119,0.00026,0.00059,0.00023
CONT-000055,3,0,0.17836,0.09777,0.23982,0.02614
CONT-000056,1,0,0.22869,0.34071,0.24238,0.08337
CONT-000057,1,0,0.10271,0.06868,0.11556,0.03572
CONT-000058,2,0,0.00523,0.00457,0.00298,0.00417
CONT-000059,0,0,0.00382,0.01777,0.00498,0.00772
CONT-000060,4,1,0.84615,0.88211,0.84839,0.93971
CONT-000061,3,0,0.00777,0.00497,0.00538,0.00176
CONT-000062,3,0,0.00197,0.00017,0.00074,0.00028
CONT-000063,1,0,0.05558,0.01682,0.06106,0.17732
CONT-000064,4,0,0.00265,0.01082,0.00374,0.00214
CONT-000065,1,0,0.03406,0.03511,0.04422,0.00815
CONT-000066,0,0,0.03639,0.06952,0.02931,0.00808
CONT-000067,0,0,0.07778,0.04616,0.07655,0.02488
CONT-000068,4,0,0.26105,0.31519,0.39173,0.08685
CONT-000069,2,1,0.85518,0.9116,0.88114,0.90088
CONT-000070,2,1,0.69187,0.77847,0.72892,0.96479
CONT-000071,4,0,0.29834,0.41211,0.3689,0.01883
CONT-000072,0,0,0.09222,0.08026,0.11267,0.04049
CONT-000073,2,0,0.02218,0.0109,0.03392,0.19709
CONT-000074,3,0,0.00251,0.00049,0.00177,0.00089
CONT-000075,3,0,0.02519,0.00879,0.01254,0.00699
CONT-000076,1,0,0.12624,0.13806,0.14906,0.02239
CONT-000077,1,0,0.02018,0.0343,0.03304,0.01179
CONT-000078,2,0,0.01138,0.00663,0.00545,0.01819
CONT-000079,0,0,0.00213,0.01501,0.00347,0.00723
CONT-000080,4,1,0.64848,0.70348,0.63094,0.77622
CONT-000081,3,1,0.01697,0.00861,0.00956,0.00894
CONT-000082,3,0,0.00703,0.0024,0.00377,0.00179
CONT-000083,1,0,0.24589,0.13931,0.35913,0.50559
CONT-000084,4,1,0.34002,0.32624,0.38913,0.4123
CONT-000085,1,1,0.96238,0.96548,0.9744,0.90716
CONT-000086,0,0,0.03087,0.06489,0.03562,0.02427
CONT-000087,0,0,0.00206,0.00584,0.00332,0.00499
CONT-000088,4,0,0.00359,0.01756,0.00415,0.01809
CONT-000089,2,0,0.00563,0.01189,0.00574,0.00802
CONT-000090,2,0,0.23881,0.34661,0.31628,0.65406
CONT-000091,4,1,0.93631,0.91918,0.93558,0.98623
CONT-000092,0,0,0.03374,0.05016,0.03816,0.06273
CONT-000093,2,0,0.00558,0.00433,0.00467,0.06793
CONT-000094,3,0,0.01105,0.00684,0.00607,0.01739
CONT-000095,3,0,0.00907,0.00292,0.00464,0.00244
CONT-000096,1,1,0.42199,0.54262,0.44589,0.37433
CONT-000097,1,0,0.10264,0.06358,0.13322,0.14708
CONT-000098,2,0,0.03239,0.01438,0.03147,0.03802
CONT-000099,0,0,0.10557,0.09587,0.11061,0.27467
CONT-000100,4,0,0.11333,0.22123,0.15433,0.43562
CONT-000101,3,0,0.00145,0.00021,0.00045,0.00057
CONT-000102,3,0,0.004,0.00063,0.00181,0.00049
CONT-000103,1,0,0.11005,0.06242,0.13455,0.03659
CONT-000104,4,0,0.00569,0.01021,0.00668,0.00682
CONT-000105,1,0,0.2648,0.17247,0.2,0.0849
CONT-000106,0,0,0.01449,0.02802,0.01775,0.01074
CONT-000107,0,0,0.00307,0.01173,0.00348,0.00306
CONT-000108,4,0,0.10535,0.09549,0.12674,0.04421
CONT-000109,2,0,0.0145,0.0071,0.00736,0.01579
CONT-000110,2,0,0.02494,0.03522,0.02339,0.29353
CONT-000111,4,1,0.64283,0.70075,0.72777,0.10401
CONT-000112,0,0,0.00338,0.00542,0.00461,0.00649
CONT-000113,2,0,0.00617,0.0062,0.00413,0.21297
CONT-000114,3,0,0.00162,0.00024,0.00056,0.00034
CONT-000115,3,0,0.00637,0.00213,0.00267,0.00227
CONT-000116,1,1,0.58292,0.76056,0.58362,0.43628
CONT-000117,1,0,0.05194,0.02868,0.07093,0.03888
CONT-000118,2,0,0.0043,0.0032,0.00346,0.00502
CONT-000119,0,0,0.45129,0.41667,0.36235,0.59909
CONT-000120,4,1,0.68929,0.71197,0.71449,0.64493
CONT-000121,3,1,0.268,0.52114,0.29522,0.02539
CONT-000122,3,1,0.7896,0.8249,0.85623,0.86303
CONT-000123,1,0,0.02402,0.00933,0.02727,0.02184
CONT-000124,4,0,0.0081,0.0133,0.00716,0.00165
CONT-000125,1,0,0.01922,0.02441,0.02299,0.00264
CONT-000126,0,0,0.09733,0.06582,0.14811,0.01432
CONT-000127,0,0,0.002,0.01339,0.00283,0.00869
CONT-000128,4,0,0.02369,0.02528,0.02739,0.06744
CONT-000129,2,1,0.97688,0.98542,0.98373,0.98748
CONT-000130,2,0,0.0076,0.01538,0.00651,0.15084
CONT-000131,4,0,0.40396,0.5504,0.52164,0.01714
CONT-000132,0,0,0.01076,0.01382,0.00708,0.00702
CONT-000133,2,0,0.00643,0.00502,0.00464,0.43973
CONT-000134,3,0,0.00049,0.00013,0.00022,0.00071
CONT-000135,3,1,0.4104,0.43808,0.33813,0.07116
CONT-000136,1,0,0.03885,0.03803,0.05866,0.01457
CONT-000137,1,0,0.10136,0.07268,0.11116,0.19973
CONT-000138,2,0,0.04869,0.03141,0.03857,0.08846
CONT-000139,0,0,0.00196,0.01434,0.00428,0.00538
CONT-000140,4,0,0.04535,0.05508,0.06062,0.26547
CONT-000141,3,0,0.19859,0.35627,0.25906,0.23109
CONT-000142,3,0,0.00107,0.00014,0.00026,0.00024
CONT-000143,1,0,0.44145,0.30163,0.5445,0.70814
CONT-000144,4,0,0.0025,0.00757,0.00251,0.00238
CONT-000145,1,0,0.0249,0.02821,0.02259,0.01375
CONT-000146,0,1,0.62051,0.83842,0.72548,0.45979
CONT-000147,0,0,0.03733,0.03193,0.04088,0.05051
CONT-000148,4,0,0.01069,0.02051,0.01621,0.0036
CONT-000149,2,0,0.07177,0.06083,0.07307,0.51119
CONT-000150,2,1,0.39302,0.56988,0.43372,0.7088
CONT-000151,4,0,0.50257,0.62551,0.61979,0.05442
CONT-000152,0,0,0.01556,0.01932,0.01438,0.01598
CONT-000153,2,0,0.66394,0.71769,0.66508,0.77401
CONT-000154,3,0,0.00059,9e-05,0.00015,0.0002
CONT-000155,3,0,0.00367,0.001,0.00481,0.01013
CONT-000156,1,1,0.9677,0.98331,0.98093,0.99056
CONT-000157,1,0,0.13324,0.08478,0.14069,0.02889
CONT-000158,2,0,0.09702,0.03361,0.10034,0.0417
CONT-000159,0,0,0.04383,0.05096,0.05355,0.07233
CONT-000160,4,0,0.00989,0.01902,0.00953,0.03269
CONT-000161,3,1,0.00327,0.00109,0.00155,0.00269
CONT-000162,3,0,0.18089,0.08148,0.12042,0.02898
CONT-000163,1,0,0.05748,0.01668,0.06136,0.16582
CONT-000164,4,0,0.15254,0.15822,0.18142,0.11935
CONT-000165,1,0,0.70854,0.704,0.76161,0.79475
CONT-000166,0,0,0.03478,0.04708,0.02914,0.10927
CONT-000167,0,0,0.22615,0.14732,0.27296,0.51192
CONT-000168,4,0,0.17797,0.12435,0.23057,0.20025
CONT-000169,2,1,0.93481,0.96706,0.95125,0.93304
CONT-000170,2,1,0.2616,0.38072,0.28909,0.51141
CONT-000171,4,0,0.76833,0.77416,0.82332,0.15659
CONT-000172,0,0,0.00218,0.00439,0.00243,0.00146
CONT-000173,2,0,0.00887,0.00754,0.0065,0.10955
CONT-000174,3,0,0.063,0.02705,0.04881,0.06188
CONT-000175,3,0,0.00295,0.00129,0.00115,0.0037
CONT-000176,1,0,0.17066,0.32098,0.18474,0.39681
CONT-000177,1,0,0.02991,0.01248,0.03294,0.01288
CONT-000178,2,0,0.37279,0.38875,0.46596,0.41883
CONT-000179,0,0,0.00759,0.01583,0.00843,0.0045
CONT-000180,4,1,0.8332,0.864,0.82688,0.91529
CONT-000181,3,0,0.09813,0.04391,0.12299,0.00562
CONT-000182,3,0,0.017,0.00359,0.0155,0.0031
CONT-000183,1,0,0.08353,0.02513,0.08207,0.19363
CONT-000184,4,0,0.0037,0.01266,0.0035,0.00367
CONT-000185,1,0,0.02455,0.03484,0.02752,0.00542
CONT-000186,0,1,0.34117,0.48342,0.35726,0.14186
CONT-000187,0,0,0.00828,0.01927,0.01983,0.01621
CONT-000188,4,0,0.00998,0.01389,0.01616,0.02298
CONT-000189,2,0,0.08506,0.04895,0.10883,0.06001
CONT-000190,2,0,0.01141,0.01674,0.01392,0.40906
CONT-000191,4,0,0.52061,0.63177,0.63053,0.10292
CONT-000192,0,0,0.04283,0.04169,0.05468,0.01353
CONT-000193,2,0,0.00924,0.00673,0.0125,0.19652
CONT-000194,3,1,0.12494,0.1259,0.15415,0.69914
CONT-000195,3,1,0.76597,0.89721,0.86157,0.27278
CONT-000196,1,0,0.12804,0.2255,0.20215,0.06851
CONT-000197,1,0,0.01124,0.01112,0.01938,0.00222
CONT-000198,2,1,0.96853,0.98358,0.98092,0.97595
CONT-000199,0,0,0.01882,0.02608,0.02627,0.01618
CONT-000200,4,0,0.08513,0.06195,0.1128,0.02584
CONT-000201,3,1,0.0936,0.23781,0.12645,0.1158
CONT-000202,3,0,0.00134,0.00025,0.00041,0.00017
CONT-000203,1,0,0.02184,0.01183,0.03287,0.00716
CONT-000204,4,0,0.06013,0.05747,0.07513,0.14573
CONT-000205,1,1,0.55674,0.54826,0.4921,0.35244
CONT-000206,0,0,0.00973,0.02287,0.01213,0.00963
CONT-000207,0,0,0.02638,0.02218,0.0461,0.02991
CONT-000208,4,0,0.00466,0.01717,0.01011,0.00263
CONT-000209,2,0,0.00911,0.00865,0.00788,0.01475
CONT-000210,2,1,0.50653,0.64747,0.61391,0.6663
CONT-000211,4,1,0.69856,0.78866,0.77124,0.51505
CONT-000212,0,0,0.08419,0.08575,0.09735,0.13216
CONT-000213,2,0,0.05145,0.03166,0.05212,0.93769
CONT-000214,3,0,0.00068,0.00013,0.00017,0.00082
CONT-000215,3,0,0.01258,0.00457,0.01012,0.02825
CONT-000216,1,0,0.11535,0.18952,0.13208,0.11067
CONT-000217,1,0,0.29048,0.26682,0.35226,0.23715
CONT-000218,2,0,0.83719,0.91062,0.94435,0.79486
CONT-000219,0,0,0.00416,0.0099,0.00503,0.01645
CONT-000220,4,0,0.01118,0.01213,0.00817,0.00703
CONT-000221,3,0,0.00188,0.00033,0.00065,0.00066
CONT-000222,3,0,0.00396,0.00072,0.00262,0.00122
CONT-000223,1,1,0.92928,0.93316,0.96229,0.98161
CONT-000224,4,0,0.01792,0.01203,0.01723,0.05779
CONT-000225,1,1,0.87285,0.92464,0.91928,0.37569
CONT-000226,0,0,0.00784,0.01891,0.01114,0.00191
CONT-000227,0,0,0.00281,0.00958,0.00514,0.004
CONT-000228,4,1,0.96853,0.96313,0.96314,0.98687
CONT-000229,2,1,0.96378,0.98141,0.96533,0.91231
CONT-000230,2,1,0.56989,0.66619,0.61625,0.79763
CONT-000231,4,0,0.34144,0.53779,0.47641,0.05121
CONT-000232,0,0,0.00485,0.00676,0.00511,0.01208
CONT-000233,2,0,0.01482,0.00762,0.01462,0.39123
CONT-000234,3,0,0.0029,0.00064,0.0015,0.00497
CONT-000235,3,0,0.04534,0.02127,0.06883,0.00332
CONT-000236,1,0,0.02613,0.02869,0.02093,0.01833
CONT-000237,1,0,0.01173,0.00985,0.01168,0.01479
CONT-000238,2,0,0.00124,0.00183,0.00126,0.00355
CONT-000239,0,0,0.01446,0.01877,0.01037,0.01301
CONT-000240,4,1,0.7834,0.80555,0.78955,0.91229
CONT-000241,3,1,0.00741,0.00628,0.00385,0.00163
CONT-000242,3,0,0.0022,0.00022,0.00068,0.00031
CONT-000243,1,0,0.10004,0.03857,0.10118,0.21942
CONT-000244,4,0,0.00564,0.0097,0.00502,0.00491
CONT-000245,1,0,0.02099,0.03172,0.03741,0.00269
CONT-000246,0,0,0.02376,0.04808,0.02841,0.01009
CONT-000247,0,0,0.01738,0.01907,0.02197,0.01482
CONT-000248,4,0,0.07453,0.0583,0.08054,0.10304
CONT-000249,2,0,0.00428,0.00607,0.00245,0.00758
CONT-000250,2,0,0.01562,0.02749,0.01403,0.45515
CONT-000251,4,0,0.4777,0.57747,0.58353,0.0423
CONT-000252,0,1,0.8978,0.90777,0.92351,0.7825
CONT-000253,2,0,0.00477,0.00331,0.00333,0.53766
CONT-000254,3,0,0.03585,0.01221,0.02428,0.01033
CONT-000255,3,1,0.21993,0.27593,0.21729,0.04516
CONT-000256,1,0,0.01441,0.02366,0.01525,0.02155
CONT-000257,1,0,0.01212,0.01522,0.0182,0.00273
CONT-000258,2,0,0.03995,0.01686,0.0635,0.01788
CONT-000259,0,0,0.03116,0.03781,0.04543,0.01516
CONT-000260,4,0,0.00998,0.02234,0.01208,0.09391
CONT-000261,3,0,0.15701,0.3068,0.1758,0.07346
CONT-000262,3,0,0.07956,0.03615,0.11573,0.04684
CONT-000263,1,0,0.02062,0.00998,0.04246,0.01291
CONT-000264,4,0,0.003,0.00651,0.00307,0.0021
CONT-000265,1,0,0.19116,0.12622,0.16439,0.02206
CONT-000266,0,1,0.25074,0.49821,0.30855,0.05355
CONT-000267,0,0,0.14638,0.09156,0.29773,0.12549
CONT-000268,4,0,0.00546,0.02446,0.01383,0.01801
CONT-000269,2,0,0.00444,0.00693,0.00431,0.00621
CONT-000270,2,1,0.17506,0.30052,0.23373,0.64268
CONT-000271,4,1,0.7818,0.82176,0.86259,0.71403
CONT-000272,0,0,0.01773,0.0208,0.02186,0.01668
CONT-000273,2,0,0.0072,0.00573,0.00618,0.12684
CONT-000274,3,0,0.00179,0.00088,0.00162,0.00077
CONT-000275,3,0,0.00272,0.00097,0.0018,0.00103
CONT-000276,1,1,0.26501,0.33362,0.33001,0.17409
CONT-000277,1,0,0.02474,0.0159,0.01986,0.01964
CONT-000278,2,0,0.0336,0.01672,0.04909,0.08188
CONT-000279,0,0,0.01199,0.02877,0.0282,0.00537
CONT-000280,4,0,0.00789,0.02003,0.00977,0.10692
CONT-000281,3,1,0.01007,0.00382,0.00716,0.01082
CONT-000282,3,0,0.00517,0.00089,0.00284,0.00046
CONT-000283,1,1,0.91125,0.88691,0.94415,0.92103
CONT-000284,4,0,0.0334,0.0242,0.02655,0.02178
CONT-000285,1,1,0.97713,0.98937,0.98788,0.99381
CONT-000286,0,0,0.00385,0.00558,0.00566,0.00096
CONT-000287,0,0,0.00228,0.00716,0.00293,0.00383
CONT-000288,4,0,0.04799,0.03383,0.0672,0.04763
CONT-000289,2,0,0.00544,0.02464,0.00271,0.01844
CONT-000290,2,0,0.02886,0.04295,0.02185,0.39799
CONT-000291,4,0,0.3052,0.49681,0.44006,0.02904
CONT-000292,0,0,0.00225,0.00465,0.00318,0.00152
CONT-000293,2,0,0.00451,0.00473,0.0055,0.3214
CONT-000294,3,0,0.00185,0.00034,0.00101,0.00088
CONT-000295,3,0,0.08874,0.08201,0.08019,0.04679
CONT-000296,1,0,0.06751,0.07283,0.07408,0.28951
CONT-000297,1,1,0.97736,0.98181,0.98391,0.98222
CONT-000298,2,0,0.00332,0.00507,0.00519,0.00769
CONT-000299,0,0,0.00363,0.01194,0.0054,0.00547
CONT-000300,4,1,0.51273,0.55191,0.51004,0.65261
CONT-000301,3,0,0.00598,0.00104,0.00315,0.0003
CONT-000302,3,0,0.0697,0.02164,0.08169,0.01541
CONT-000303,1,0,0.30729,0.22089,0.27232,0.64323
CONT-000304,4,0,0.0128,0.01646,0.00811,0.00408
CONT-000305,1,0,0.53631,0.55584,0.68079,0.75067
CONT-000306,0,1,0.51291,0.6506,0.5158,0.11408
CONT-000307,0,0,0.00596,0.02048,0.00859,0.01739
CONT-000308,4,0,0.04326,0.0321,0.03888,0.09424
CONT-000309,2,0,0.00271,0.00357,0.00195,0.00775
CONT-000310,2,0,0.01151,0.02156,0.01129,0.25169
CONT-000311,4,0,0.3098,0.40579,0.39343,0.01314
CONT-000312,0,0,0.01038,0.0129,0.01146,0.01209
CONT-000313,2,0,0.00415,0.00257,0.00469,0.03327
CONT-000314,3,1,0.7415,0.89352,0.63765,0.84017
CONT-000315,3,0,0.65792,0.75655,0.70593,0.76858
CONT-000316,1,0,0.03674,0.05344,0.04277,0.02685
CONT-000317,1,0,0.01764,0.01523,0.02674,0.00836
CONT-000318,2,0,0.05724,0.04523,0.11489,0.04205
CONT-000319,0,0,0.00257,0.01343,0.00474,0.00864
CONT-000320,4,0,0.35738,0.51299,0.35974,0.66527
CONT-000321,3,1,0.01389,0.00686,0.00733,0.0094
CONT-000322,3,0,0.00092,0.00014,0.00033,0.00014
CONT-000323,1,0,0.33175,0.22076,0.53487,0.41342
CONT-000324,4,1,0.93736,0.94476,0.935,0.88682
CONT-000325,1,0,0.02369,0.03031,0.02921,0.01495
CONT-000326,0,0,0.09379,0.23189,0.077,0.03131
CONT-000327,0,0,0.00352,0.00722,0.00341,0.00513
CONT-000328,4,0,0.00999,0.01214,0.00833,0.01176
CONT-000329,2,0,0.00993,0.016,0.00799,0.00598
CONT-000330,2,0,0.07987,0.10927,0.11966,0.09402
CONT-000331,4,1,0.66706,0.749,0.71725,0.1762
CONT-000332,0,0,0.0132,0.01806,0.01699,0.02972
CONT-000333,2,0,0.03102,0.01389,0.04922,0.36221
CONT-000334,3,0,0.0034,0.00056,0.00126,0.00051
CONT-000335,3,0,0.00364,0.00242,0.00284,0.00294
CONT-000336,1,0,0.30338,0.44013,0.32389,0.22161
CONT-000337,1,0,0.03709,0.01418,0.03957,0.01044
CONT-000338,2,0,0.00167,0.00127,0.00082,0.00371
CONT-000339,0,0,0.00339,0.00879,0.00469,0.01
CONT-000340,4,0,0.0131,0.03666,0.02362,0.0514
CONT-000341,3,0,0.00201,0.00034,0.00044,0.00032
CONT-000342,3,0,0.00411,0.00059,0.00252,0.00057
CONT-000343,1,0,0.02418,0.007,0.02589,0.02316
CONT-000344,4,0,0.01215,0.01086,0.01214,0.02216
CONT-000345,1,1,0.79891,0.79154,0.79925,0.84191
CONT-000346,0,0,0.01985,0.04541,0.01929,0.00566
CONT-000347,0,0,0.00462,0.01007,0.0069,0.00562
CONT-000348,4,0,0.01797,0.01603,0.01934,0.00588
CONT-000349,2,0,0.02375,0.01432,0.01261,0.02885
CONT-000350,2,0,0.04654,0.05046,0.03559,0.45385
CONT-000351,4,0,0.36553,0.53409,0.52579,0.02099
CONT-000352,0,0,0.33295,0.37571,0.37653,0.38072
CONT-000353,2,0,0.01235,0.01079,0.01429,0.12653
CONT-000354,3,0,0.14163,0.10247,0.11881,0.02244
CONT-000355,3,0,0.01965,0.01602,0.01543,0.0024
CONT-000356,1,0,0.07459,0.08994,0.08728,0.23432
CONT-000357,1,0,0.04601,0.02566,0.0469,0.01469
CONT-000358,2,0,0.00225,0.00295,0.00203,0.01412
CONT-000359,0,0,0.00237,0.01284,0.00294,0.00337
CONT-000360,4,0,0.28109,0.25623,0.29478,0.05059
CONT-000361,3,1,0.01149,0.00522,0.00624,0.00052
CONT-000362,3,1,0.95927,0.98556,0.96275,0.99441
CONT-000363,1,0,0.20553,0.06926,0.13232,0.56551
CONT-000364,4,0,0.00433,0.01503,0.00396,0.00126
CONT-000365,1,0,0.01966,0.03047,0.03014,0.00311
CONT-000366,0,0,0.15185,0.09965,0.25887,0.05404
CONT-000367,0,0,0.01634,0.02,0.03331,0.04287
CONT-000368,4,0,0.02302,0.02246,0.02329,0.01062
CONT-000369,2,0,0.0022,0.003,0.00173,0.00512
CONT-000370,2,0,0.0263,0.02151,0.02076,0.50591
CONT-000371,4,0,0.40002,0.49368,0.47211,0.03434
CONT-000372,0,0,0.05998,0.0577,0.07214,0.04756
CONT-000373,2,0,0.00494,0.00261,0.00326,0.08649
CONT-000374,3,0,0.06497,0.03868,0.05763,0.03153
CONT-000375,3,1,0.95243,0.9896,0.9802,0.84946
CONT-000376,1,0,0.02571,0.03659,0.02706,0.0478
CONT-000377,1,0,0.06835,0.06238,0.08356,0.38478
CONT-000378,2,0,0.00228,0.00317,0.00195,0.01121
CONT-000379,0,0,0.30627,0.25652,0.41634,0.17405
CONT-000380,4,0,0.01299,0.02238,0.01388,0.0712
CONT-000381,3,0,0.00288,0.00063,0.00104,0.00049
CONT-000382,3,0,0.00529,0.00102,0.00502,0.00208
CONT-000383,1,0,0.06375,0.02955,0.06726,0.1622
CONT-000384,4,0,0.04563,0.03287,0.05352,0.09025
CONT-000385,1,0,0.15816,0.14134,0.10638,0.02483
CONT-000386,0,0,0.33862,0.49009,0.36555,0.18887
CONT-000387,0,0,0.08755,0.0508,0.11827,0.04342
CONT-000388,4,0,0.00443,0.01133,0.00403,0.00816
CONT-000389,2,0,0.00564,0.01709,0.00556,0.01021
CONT-000390,2,1,0.94441,0.97604,0.96142,0.96574
CONT-000391,4,1,0.83543,0.84868,0.87204,0.77196
CONT-000392,0,0,0.0034,0.0051,0.00325,0.00378
CONT-000393,2,0,0.0313,0.0157,0.02433,0.79135
CONT-000394,3,0,0.00205,0.00083,0.0014,0.00044
CONT-000395,3,0,0.01643,0.00825,0.01227,0.00879
CONT-000396,1,1,0.65368,0.87916,0.82988,0.45138
CONT-000397,1,0,0.2879,0.15157,0.3115,0.05916
CONT-000398,2,0,0.00486,0.00162,0.0026,0.00703
CONT-000399,0,1,0.927,0.93395,0.92312,0.90538
CONT-000400,4,0,0.00743,0.02258,0.00826,0.08246
CONT-000401,3,1,0.00261,0.00047,0.00076,0.00035
CONT-000402,3,1,0.90222,0.93122,0.918,0.91417
CONT-000403,1,0,0.02551,0.01041,0.03276,0.0209
CONT-000404,4,0,0.13638,0.09617,0.0997,0.06877
CONT-000405,1,0,0.34481,0.31746,0.38546,0.23657
CONT-000406,0,0,0.02283,0.03561,0.024,0.00228
CONT-000407,0,0,0.00367,0.01223,0.00557,0.00919
CONT-000408,4,0,0.01359,0.01267,0.01311,0.0238
CONT-000409,2,0,0.01298,0.00724,0.00895,0.04762
CONT-000410,2,0,0.01453,0.02455,0.01411,0.21539
CONT-000411,4,0,0.32205,0.53365,0.50064,0.02332
CONT-000412,0,0,0.01761,0.01809,0.01272,0.00998
CONT-000413,2,0,0.00772,0.00679,0.00961,0.28155
CONT-000414,3,0,0.00256,0.00056,0.00083,0.00095
CONT-000415,3,0,0.02168,0.01525,0.01649,0.0022
CONT-000416,1,1,0.34832,0.44662,0.30381,0.23527
CONT-000417,1,0,0.17897,0.12684,0.20252,0.05045
CONT-000418,2,0,0.00088,0.00198,0.00095,0.005
CONT-000419,0,0,0.00905,0.04153,0.0168,0.01483
CONT-000420,4,1,0.77865,0.78185,0.76259,0.89129
CONT-000421,3,1,0.57547,0.9091,0.72242,0.59608
CONT-000422,3,0,0.267,0.25242,0.31105,0.57762
CONT-000423,1,0,0.01921,0.00935,0.0293,0.01752
CONT-000424,4,0,0.0046,0.01524,0.00601,0.00154
CONT-000425,1,0,0.02322,0.02933,0.02451,0.00239
CONT-000426,0,0,0.05219,0.06881,0.06952,0.01155
CONT-000427,0,0,0.0039,0.03952,0.01116,0.00403
CONT-000428,4,1,0.88326,0.84407,0.88161,0.97971
CONT-000429,2,0,0.00727,0.011,0.00451,0.02175
CONT-000430,2,0,0.12411,0.16563,0.17289,0.24302
CONT-000431,4,0,0.58472,0.68657,0.7053,0.08773
CONT-000432,0,0,0.1379,0.1441,0.12713,0.05919
CONT-000433,2,0,0.00489,0.00291,0.00418,0.55125
CONT-000434,3,0,0.00436,0.00059,0.00195,0.00057
CONT-000435,3,0,0.03223,0.01015,0.03157,0.01749
CONT-000436,1,0,0.1603,0.1845,0.18794,0.26359
CONT-000437,1,0,0.00974,0.01149,0.01786,0.00443
CONT-000438,2,0,0.0721,0.05225,0.11836,0.14688
CONT-000439,0,0,0.00351,0.01528,0.00535,0.00264
CONT-000440,4,1,0.24189,0.30931,0.27165,0.72489
CONT-000441,3,1,0.1367,0.32039,0.11826,0.08022
CONT-000442,3,0,0.3055,0.20853,0.28129,0.33689
CONT-000443,1,0,0.01839,0.00962,0.03541,0.00914
CONT-000444,4,0,0.05072,0.04469,0.05712,0.08108
CONT-000445,1,0,0.32082,0.26222,0.33496,0.01642
CONT-000446,0,1,0.89295,0.95929,0.92972,0.96319
CONT-000447,0,0,0.00898,0.01073,0.01272,0.00323
CONT-000448,4,0,0.00428,0.02,0.00973,0.00281
CONT-000449,2,0,0.00567,0.00589,0.00399,0.01767
CONT-000450,2,1,0.8296,0.90866,0.84139,0.73618
CONT-000451,4,1,0.58055,0.67566,0.66451,0.0818
CONT-000452,0,0,0.02687,0.02171,0.03069,0.01249
CONT-000453,2,0,0.05139,0.02317,0.086,0.83795
CONT-000454,3,0,0.23793,0.18396,0.22158,0.09745
CONT-000455,3,0,0.00116,0.00028,0.00046,0.00021
CONT-000456,1,0,0.02497,0.01384,0.0298,0.01403
CONT-000457,1,0,0.13908,0.08999,0.18894,0.027
CONT-000458,2,0,0.00205,0.00178,0.00119,0.00546
CONT-000459,0,1,0.26684,0.23148,0.26989,0.26513
CONT-000460,4,0,0.01603,0.02599,0.01917,0.21427
CONT-000461,3,0,0.00477,0.00063,0.0014,0.00135
CONT-000462,3,0,0.15492,0.04785,0.13087,0.20014
CONT-000463,1,0,0.02931,0.01165,0.04041,0.03166
CONT-000464,4,0,0.01878,0.01523,0.01907,0.00551
CONT-000465,1,0,0.23681,0.17883,0.16746,0.17448
CONT-000466,0,0,0.02994,0.03753,0.0344,0.00657
CONT-000467,0,0,0.03886,0.0302,0.03161,0.00806
CONT-000468,4,0,0.04155,0.05231,0.03715,0.08272
CONT-000469,2,0,0.03533,0.02183,0.03512,0.07471
CONT-000470,2,0,0.31339,0.30715,0.3275,0.55396
CONT-000471,4,0,0.33074,0.49399,0.46685,0.04233
CONT-000472,0,0,0.00346,0.00678,0.00413,0.00626
CONT-000473,2,0,0.00542,0.00506,0.0048,0.11973
CONT-000474,3,0,0.17817,0.1199,0.12672,0.05832
CONT-000475,3,0,0.00285,0.00061,0.00077,0.00055
CONT-000476,1,0,0.00305,0.00437,0.00473,0.00244
CONT-000477,1,0,0.0605,0.03426,0.09385,0.03114
CONT-000478,2,0,0.00248,0.00283,0.00164,0.00473
CONT-000479,0,0,0.00255,0.01355,0.00338,0.00347
CONT-000480,4,1,0.78842,0.8014,0.78897,0.82205
CONT-000481,3,1,0.01511,0.00693,0.01917,0.00248
CONT-000482,3,0,0.02289,0.00553,0.02013,0.00989
CONT-000483,1,0,0.10542,0.04008,0.09833,0.25267
CONT-000484,4,1,0.48112,0.54923,0.4637,0.77296
CONT-000485,1,0,0.02625,0.03649,0.0361,0.00431
CONT-000486,0,0,0.43523,0.52001,0.49768,0.08359
CONT-000487,0,1,0.89344,0.8122,0.9112,0.70562
CONT-000488,4,1,0.94953,0.94949,0.9393,0.96596
CONT-000489,2,1,0.93728,0.9597,0.96137,0.85598
CONT-000490,2,0,0.02237,0.02826,0.03183,0.17518
CONT-000491,4,0,0.46776,0.57884,0.57682,0.03406
CONT-000492,0,0,0.21088,0.12903,0.19152,0.09405
CONT-000493,2,0,0.00448,0.00557,0.00289,0.17684
CONT-000494,3,0,0.03964,0.04094,0.04767,0.17909
CONT-000495,3,1,0.58171,0.68891,0.65829,0.51067
CONT-000496,1,0,0.00591,0.0098,0.00679,0.00146
CONT-000497,1,0,0.01163,0.01257,0.01823,0.00517
CONT-000498,2,1,0.92641,0.9654,0.98482,0.88021
CONT-000499,0,0,0.00233,0.01621,0.00361,0.00852
CONT-000500,4,0,0.36857,0.44774,0.33219,0.50344
CONT-000501,3,0,0.0082,0.00554,0.00348,0.00234
CONT-000502,3,0,0.00337,0.0015,0.00144,0.00039
CONT-000503,1,0,0.02551,0.01145,0.03233,0.02044
CONT-000504,4,0,0.00371,0.01197,0.00275,0.00613
CONT-000505,1,0,0.06945,0.06571,0.05649,0.0137
CONT-000506,0,0,0.00995,0.02204,0.01413,0.00723
CONT-000507,0,0,0.00235,0.00657,0.00416,0.00378
CONT-000508,4,0,0.46666,0.39036,0.59412,0.6171
CONT-000509,2,0,0.00588,0.0042,0.00602,0.00414
CONT-000510,2,0,0.55124,0.65596,0.66686,0.75104
CONT-000511,4,1,0.78001,0.81735,0.81746,0.28687
CONT-000512,0,0,0.0963,0.08842,0.09497,0.04321
CONT-000513,2,0,0.01078,0.01047,0.00734,0.09177
CONT-000514,3,0,0.26488,0.2541,0.28748,0.38894
CONT-000515,3,0,0.00129,0.00022,0.00028,0.00013
CONT-000516,1,0,0.00428,0.0041,0.00571,0.00729
CONT-000517,1,0,0.01175,0.01047,0.01488,0.00415
CONT-000518,2,0,0.40119,0.38247,0.43961,0.34943
CONT-000519,0,0,0.00213,0.00662,0.00419,0.00652
CONT-000520,4,0,0.14215,0.21093,0.13951,0.62617
CONT-000521,3,1,0.00065,0.00016,0.00023,0.00014
CONT-000522,3,0,0.1293,0.04901,0.10992,0.10934
CONT-000523,1,0,0.08891,0.02569,0.1038,0.18602
CONT-000524,4,0,0.02132,0.02934,0.03901,0.04057
CONT-000525,1,1,0.64887,0.63273,0.69886,0.43793
CONT-000526,0,0,0.01595,0.02143,0.01538,0.0014
CONT-000527,0,0,0.00522,0.01033,0.00992,0.01532
CONT-000528,4,0,0.00402,0.00756,0.00332,0.00572
CONT-000529,2,0,0.00266,0.00369,0.002,0.02082
CONT-000530,2,0,0.02237,0.02764,0.01713,0.47946
CONT-000531,4,0,0.28132,0.48865,0.4412,0.01625
CONT-000532,0,0,0.00216,0.00398,0.0029,0.00954
CONT-000533,2,0,0.00523,0.00495,0.0054,0.14105
CONT-000534,3,0,0.11947,0.04697,0.09294,0.01831
CONT-000535,3,0,0.00514,0.00213,0.00194,0.00208
CONT-000536,1,0,0.02457,0.02557,0.01703,0.01167
CONT-000537,1,0,0.07841,0.06936,0.12666,0.01413
CONT-000538,2,0,0.00182,0.00241,0.00146,0.00623
CONT-000539,0,0,0.00809,0.01541,0.01156,0.00324
CONT-000540,4,1,0.83107,0.87341,0.83293,0.94198
CONT-000541,3,1,0.96732,0.99494,0.97236,0.9954
CONT-000542,3,0,0.0077,0.00086,0.00821,0.00048
CONT-000543,1,1,0.21446,0.14895,0.22353,0.36725
CONT-000544,4,0,0.00911,0.00994,0.00662,0.04348
CONT-000545,1,0,0.03553,0.03325,0.0379,0.00463
CONT-000546,0,0,0.42618,0.66419,0.47812,0.32673
CONT-000547,0,0,0.03547,0.03128,0.06174,0.02293
CONT-000548,4,0,0.0561,0.03301,0.06662,0.13201
CONT-000549,2,0,0.01543,0.00743,0.00635,0.02884
CONT-000550,2,0,0.00855,0.02126,0.00906,0.3304
CONT-000551,4,0,0.0134,0.01811,0.01001,0.00322
CONT-000552,0,0,0.00852,0.00907,0.00593,0.00356
CONT-000553,2,0,0.05209,0.02009,0.07742,0.30839
CONT-000554,3,0,0.04937,0.01005,0.03681,0.02225
CONT-000555,3,0,0.60973,0.67571,0.62295,0.3214
CONT-000556,1,1,0.49195,0.72076,0.76896,0.54115
CONT-000557,1,0,0.0214,0.01454,0.0322,0.00474
CONT-000558,2,0,0.00243,0.00182,0.00117,0.00506
CONT-000559,0,0,0.01159,0.0359,0.01731,0.01648
CONT-000560,4,1,0.93331,0.95502,0.92506,0.94214
CONT-000561,3,1,0.97784,0.99659,0.99431,0.9898
CONT-000562,3,0,0.00958,0.0025,0.01009,0.00435
CONT-000563,1,0,0.02472,0.01235,0.0334,0.01068
CONT-000564,4,1,0.79403,0.8004,0.78149,0.73273
CONT-000565,1,0,0.14701,0.10426,0.11256,0.06637
CONT-000566,0,0,0.01176,0.02492,0.02216,0.02659
CONT-000567,0,0,0.00622,0.01132,0.00412,0.02148
CONT-000568,4,0,0.00311,0.00939,0.00577,0.003
CONT-000569,2,0,0.00608,0.01217,0.00667,0.00379
CONT-000570,2,1,0.96688,0.98584,0.98391,0.97808
CONT-000571,4,0,0.02153,0.03445,0.02709,0.00895
CONT-000572,0,0,0.01071,0.00853,0.01203,0.00831
CONT-000573,2,0,0.01659,0.00539,0.0117,0.41948
CONT-000574,3,0,0.00055,8e-05,0.0002,0.00103
CONT-000575,3,0,0.00091,0.00023,0.00019,0.00061
CONT-000576,1,1,0.28909,0.42644,0.33337,0.24531
CONT-000577,1,1,0.95032,0.95827,0.97566,0.82426
CONT-000578,2,1,0.94662,0.97516,0.97868,0.90283
CONT-000579,0,0,0.00298,0.01235,0.00382,0.00549
CONT-000580,4,0,0.03186,0.07037,0.03002,0.1679
CONT-000581,3,0,0.05249,0.0274,0.08409,0.04335
CONT-000582,3,1,0.91824,0.94066,0.94949,0.8289
CONT-000583,1,0,0.09226,0.02147,0.09588,0.08683
CONT-000584,4,0,0.05873,0.05359,0.05518,0.10442
CONT-000585,1,0,0.21929,0.13551,0.14798,0.09232
CONT-000586,0,1,0.11381,0.17442,0.10508,0.06353
CONT-000587,0,0,0.01631,0.02937,0.0175,0.01546
CONT-000588,4,0,0.0351,0.02739,0.03968,0.06875
CONT-000589,2,0,0.00283,0.00396,0.002,0.01503
CONT-000590,2,0,0.23858,0.26598,0.22999,0.47902
CONT-000591,4,0,0.64897,0.70235,0.71771,0.1084
CONT-000592,0,0,0.00168,0.00308,0.00216,0.00264
CONT-000593,2,0,0.01479,0.04092,0.01202,0.11031
CONT-000594,3,0,0.00618,0.00082,0.00444,0.00055
CONT-000595,3,0,0.0025,0.00056,0.00068,0.00128
CONT-000596,1,0,0.05958,0.06235,0.06101,0.28319
CONT-000597,1,0,0.03833,0.02531,0.03982,0.02717
CONT-000598,2,1,0.79781,0.86566,0.74993,0.91924
CONT-000599,0,0,0.00219,0.01096,0.00379,0.0027
CONT-000600,4,1,0.81927,0.83068,0.81194,0.77513
CONT-000601,3,1,0.04312,0.13938,0.04578,0.02315
CONT-000602,3,0,0.04588,0.01243,0.0315,0.07353
CONT-000603,1,0,0.23837,0.17869,0.2417,0.39166
CONT-000604,4,1,0.42844,0.5274,0.46189,0.63922
CONT-000605,1,0,0.02394,0.0373,0.02707,0.00361
CONT-000606,0,1,0.28724,0.48706,0.34103,0.18117
CONT-000607,0,0,0.00781,0.0123,0.01121,0.00769
CONT-000608,4,0,0.07508,0.0561,0.07509,0.08295
CONT-000609,2,0,0.00433,0.00664,0.0028,0.05168
CONT-000610,2,0,0.02146,0.03337,0.03057,0.10122
CONT-000611,4,0,0.5802,0.67617,0.68657,0.11226
CONT-000612,0,0,0.00416,0.00498,0.00427,0.00493
CONT-000613,2,0,0.029,0.01431,0.06584,0.31467
CONT-000614,3,0,0.0008,0.00014,0.00042,0.00035
CONT-000615,3,1,0.3412,0.42411,0.39938,0.09672
CONT-000616,1,0,0.05932,0.07875,0.03805,0.04163
CONT-000617,1,0,0.03206,0.02131,0.04417,0.00941
CONT-000618,2,0,0.07622,0.04633,0.09889,0.09739
CONT-000619,0,0,0.00737,0.02187,0.00615,0.06286
CONT-000620,4,1,0.47738,0.60425,0.43022,0.25318
CONT-000621,3,0,0.00994,0.00856,0.01025,0.0026
CONT-000622,3,0,0.00142,0.00028,0.00031,0.00053
CONT-000623,1,0,0.0411,0.01459,0.053,0.06381
CONT-000624,4,0,0.0039,0.00808,0.0038,0.01504
CONT-000625,1,0,0.03052,0.03737,0.02623,0.0049
CONT-000626,0,0,0.03621,0.02815,0.0752,0.02774
CONT-000627,0,0,0.15704,0.13543,0.13654,0.21155
CONT-000628,4,1,0.72237,0.70774,0.7138,0.91923
CONT-000629,2,0,0.13431,0.09045,0.10521,0.23463
CONT-000630,2,1,0.87554,0.94598,0.90653,0.90306
CONT-000631,4,0,0.42406,0.59145,0.52731,0.11084
CONT-000632,0,0,0.01129,0.01011,0.01198,0.00321
CONT-000633,2,0,0.00443,0.00201,0.00274,0.1209
CONT-000634,3,0,0.00403,0.00139,0.0016,0.00131
CONT-000635,3,0,0.00287,0.00096,0.00222,0.00071
CONT-000636,1,0,0.02374,0.02826,0.01685,0.00914
CONT-000637,1,0,0.17503,0.12684,0.1854,0.03635
CONT-000638,2,0,0.91751,0.96131,0.95225,0.85217
CONT-000639,0,0,0.21031,0.1697,0.20613,0.06171
CONT-000640,4,0,0.02145,0.03459,0.0175,0.00616
CONT-000641,3,1,0.02146,0.00627,0.0142,0.01248
CONT-000642,3,0,0.00479,0.00101,0.00163,0.00123
CONT-000643,1,0,0.1252,0.02946,0.12637,0.10142
CONT-000644,4,1,0.81519,0.87144,0.78269,0.81714
CONT-000645,1,0,0.28182,0.22679,0.18905,0.077
CONT-000646,0,0,0.00883,0.02417,0.01241,0.00399
CONT-000647,0,0,0.00366,0.00864,0.00566,0.00595
CONT-000648,4,0,0.00353,0.00619,0.00271,0.00605
CONT-000649,2,0,0.04847,0.03664,0.03348,0.12534
CONT-000650,2,0,0.01273,0.02156,0.01465,0.20118
CONT-000651,4,0,0.2677,0.47521,0.42358,0.02018
CONT-000652,0,0,0.00466,0.00899,0.00554,0.00707
CONT-000653,2,0,0.00572,0.00596,0.00577,0.27604
CONT-000654,3,1,0.96327,0.98826,0.97371,0.95101
CONT-000655,3,0,0.02734,0.02493,0.02838,0.00094
CONT-000656,1,0,0.02442,0.04131,0.03522,0.02667
CONT-000657,1,0,0.32059,0.20317,0.48144,0.88266
CONT-000658,2,0,0.00236,0.00623,0.0025,0.01186
CONT-000659,0,0,0.00375,0.02921,0.00681,0.00646
CONT-000660,4,0,0.47243,0.52271,0.4346,0.31366
CONT-000661,3,0,0.03197,0.02964,0.02415,0.00934
CONT-000662,3,0,0.06577,0.02825,0.08617,0.01645
CONT-000663,1,0,0.03354,0.01202,0.03953,0.0307
CONT-000664,4,0,0.0036,0.01198,0.00704,0.00217
CONT-000665,1,0,0.15689,0.12144,0.10483,0.09798
CONT-000666,0,1,0.50222,0.76358,0.49146,0.39291
CONT-000667,0,1,0.63712,0.54952,0.74173,0.54033
CONT-000668,4,0,0.04186,0.04346,0.04605,0.16108
CONT-000669,2,1,0.82572,0.83821,0.82747,0.63967
CONT-000670,2,0,0.01903,0.02129,0.03276,0.1231
CONT-000671,4,0,0.38659,0.54467,0.49802,0.04255
CONT-000672,0,0,0.00698,0.0074,0.00504,0.01063
CONT-000673,2,1,0.95394,0.98672,0.97289,0.99288
CONT-000674,3,0,0.00084,0.00018,0.00038,0.00061
CONT-000675,3,0,0.42636,0.53967,0.52899,0.38434
CONT-000676,1,0,0.09626,0.1329,0.13471,0.02574
CONT-000677,1,0,0.02012,0.02187,0.02914,0.01241
CONT-000678,2,0,0.00134,0.0012,0.00096,0.00595
CONT-000679,0,0,0.00559,0.0263,0.00966,0.00846
CONT-000680,4,0,0.11859,0.16003,0.10688,0.42252
CONT-000681,3,1,0.00684,0.00286,0.00351,0.00338
CONT-000682,3,0,0.00086,0.00014,0.00018,0.00051
CONT-000683,1,0,0.05361,0.01754,0.07385,0.04059
CONT-000684,4,0,0.03694,0.04079,0.04487,0.00769
CONT-000685,1,0,0.14416,0.11626,0.11556,0.01526
CONT-000686,0,0,0.01761,0.02049,0.04656,0.03773
CONT-000687,0,0,0.02421,0.02019,0.0301,0.04706
CONT-000688,4,0,0.00293,0.00874,0.00377,0.0047
CONT-000689,2,0,0.1918,0.14441,0.19775,0.35421
CONT-000690,2,1,0.9761,0.9895,0.9879,0.99678
CONT-000691,4,0,0.33761,0.52228,0.47147,0.05212
CONT-000692,0,0,0.07247,0.05114,0.0938,0.08604
CONT-000693,2,0,0.02033,0.00876,0.02051,0.38499
CONT-000694,3,0,0.00205,0.00061,0.00115,0.00168
CONT-000695,3,0,0.01045,0.00273,0.00601,0.00401
CONT-000696,1,1,0.95598,0.98081,0.978,0.98588
CONT-000697,1,0,0.01464,0.01368,0.01658,0.00387
CONT-000698,2,0,0.00987,0.01038,0.00795,0.02069
CONT-000699,0,0,0.00633,0.0143,0.01341,0.00661
CONT-000700,4,0,0.02292,0.03423,0.02199,0.12957
CONT-000701,3,0,0.00727,0.00297,0.00568,0.00819
CONT-000702,3,0,0.08451,0.02698,0.08484,0.04267
CONT-000703,1,0,0.26677,0.09151,0.25121,0.07224
CONT-000704,4,0,0.01986,0.02203,0.01594,0.00473
CONT-000705,1,1,0.64226,0.62311,0.65475,0.75481
CONT-000706,0,0,0.5437,0.56022,0.5109,0.32733
CONT-000707,0,0,0.00279,0.00849,0.00431,0.00206
CONT-000708,4,0,0.0072,0.01002,0.00411,0.00978
CONT-000709,2,0,0.13804,0.0888,0.22195,0.30244
CONT-000710,2,0,0.01123,0.01174,0.00999,0.11089
CONT-000711,4,1,0.55125,0.67227,0.66996,0.06497
CONT-000712,0,0,0.00212,0.00368,0.00231,0.00227
CONT-000713,2,0,0.00318,0.01222,0.0034,0.08078
CONT-000714,3,0,0.12389,0.07003,0.1358,0.02645
CONT-000715,3,1,0.89614,0.96813,0.93652,0.88548
CONT-000716,1,1,0.71958,0.8355,0.83983,0.77056
CONT-000717,1,0,0.00992,0.00886,0.01362,0.00358
CONT-000718,2,0,0.00385,0.00357,0.00301,0.00254
CONT-000719,0,0,0.00601,0.01522,0.00802,0.00327
CONT-000720,4,1,0.74465,0.75579,0.74202,0.76866
CONT-000721,3,1,0.01445,0.00958,0.00759,0.00097
CONT-000722,3,0,0.00396,0.00059,0.00193,0.00047
CONT-000723,1,0,0.13966,0.07436,0.15432,0.3242
CONT-000724,4,0,0.00269,0.01488,0.00606,0.00191
CONT-000725,1,0,0.02161,0.02668,0.02871,0.00232
CONT-000726,0,0,0.03193,0.06279,0.03659,0.02853
CONT-000727,0,0,0.04797,0.03797,0.07269,0.08417
CONT-000728,4,0,0.00439,0.01016,0.00878,0.00226
CONT-000729,2,0,0.00662,0.00328,0.00381,0.00749
CONT-000730,2,0,0.01171,0.02468,0.01,0.36434
CONT-000731,4,0,0.31289,0.46149,0.39706,0.01711
CONT-000732,0,0,0.00771,0.01092,0.01426,0.00752
CONT-000733,2,0,0.00318,0.00247,0.00308,0.30794
CONT-000734,3,1,0.84705,0.94723,0.84498,0.85411
CONT-000735,3,0,0.02528,0.01321,0.01551,0.01671
CONT-000736,1,0,0.01925,0.02944,0.01903,0.02023
CONT-000737,1,0,0.02868,0.02158,0.03847,0.00623
CONT-000738,2,0,0.0938,0.06253,0.21655,0.04209
CONT-000739,0,0,0.01404,0.02533,0.01997,0.00707
CONT-000740,4,0,0.02518,0.03727,0.02141,0.09262
CONT-000741,3,1,0.17394,0.34337,0.22736,0.15047
CONT-000742,3,0,0.00266,0.00041,0.00138,0.00013
CONT-000743,1,0,0.05085,0.02065,0.07066,0.05635
CONT-000744,4,0,0.01571,0.03015,0.02596,0.00287
CONT-000745,1,0,0.03277,0.04743,0.03054,0.00357
CONT-000746,0,1,0.33043,0.47149,0.34123,0.1609
CONT-000747,0,0,0.06313,0.04146,0.06895,0.0598
CONT-000748,4,0,0.00637,0.02019,0.01104,0.00873
CONT-000749,2,0,0.00994,0.00789,0.00642,0.02584
CONT-000750,2,1,0.97738,0.99002,0.98685,0.99694
CONT-000751,4,1,0.70553,0.78937,0.77127,0.56393
CONT-000752,0,0,0.00354,0.00692,0.00468,0.00644
CONT-000753,2,0,0.36982,0.40849,0.37297,0.60418
CONT-000754,3,0,0.00033,6e-05,0.00014,0.00042
CONT-000755,3,0,0.00377,0.00062,0.00217,0.00063
CONT-000756,1,0,0.01934,0.02184,0.01833,0.00946
CONT-000757,1,0,0.02033,0.01626,0.01806,0.01507
CONT-000758,2,0,0.00207,0.00149,0.00102,0.00226
CONT-000759,0,1,0.9834,0.97583,0.9829,0.98944
CONT-000760,4,0,0.00676,0.0177,0.01204,0.10208
CONT-000761,3,1,0.15105,0.06209,0.18374,0.02592
CONT-000762,3,0,0.47755,0.23337,0.54458,0.034
CONT-000763,1,0,0.04776,0.01438,0.05306,0.1817
CONT-000764,4,0,0.00222,0.00684,0.00312,0.00414
CONT-000765,1,1,0.79788,0.83405,0.85315,0.96366
CONT-000766,0,0,0.00442,0.0147,0.00502,0.00252
CONT-000767,0,0,0.01392,0.03785,0.02087,0.01012
CONT-000768,4,0,0.17375,0.18842,0.2115,0.12916
CONT-000769,2,0,0.01468,0.00744,0.00996,0.01983
CONT-000770,2,0,0.04566,0.05728,0.06026,0.35866
CONT-000771,4,0,0.03342,0.03482,0.04637,0.0039
CONT-000772,0,0,0.0122,0.01288,0.0101,0.00827
CONT-000773,2,1,0.6968,0.83577,0.68287,0.88628
CONT-000774,3,1,0.97149,0.99458,0.97817,0.98886
CONT-000775,3,0,0.00167,0.00067,0.00062,0.00022
CONT-000776,1,0,0.00389,0.00564,0.007,0.00271
CONT-000777,1,0,0.01403,0.01632,0.02225,0.01379
CONT-000778,2,0,0.00291,0.00688,0.00261,0.00921
CONT-000779,0,0,0.00471,0.01987,0.00528,0.0028
CONT-000780,4,1,0.91093,0.89611,0.88641,0.77977
CONT-000781,3,0,0.00068,0.00018,0.00032,0.00024
CONT-000782,3,0,0.04457,0.01088,0.05788,0.00241
CONT-000783,1,0,0.0187,0.00751,0.02419,0.0221
CONT-000784,4,0,0.00224,0.00938,0.00367,0.00225
CONT-000785,1,0,0.01778,0.02455,0.02129,0.00653
CONT-000786,0,0,0.04093,0.06842,0.0362,0.03849
CONT-000787,0,1,0.26098,0.2254,0.16088,0.42499
CONT-000788,4,0,0.00647,0.00948,0.00454,0.01052
CONT-000789,2,1,0.95949,0.98093,0.97383,0.94335
CONT-000790,2,0,0.00117,0.00223,0.0015,0.03603
CONT-000791,4,0,0.46999,0.58065,0.58808,0.03193
CONT-000792,0,0,0.01087,0.01165,0.02406,0.00479
CONT-000793,2,0,0.02822,0.01669,0.0347,0.21736
CONT-000794,3,0,0.00048,0.0001,0.00019,0.00026
CONT-000795,3,1,0.97884,0.99686,0.99382,0.98355
CONT-000796,1,1,0.90731,0.94099,0.94722,0.87358
CONT-000797,1,0,0.43052,0.34452,0.58086,0.28366
CONT-000798,2,1,0.94804,0.97357,0.9662,0.79712
CONT-000799,0,0,0.00631,0.01911,0.01027,0.00486
CONT-000800,4,1,0.9366,0.93841,0.93416,0.98071
CONT-000801,3,1,0.02332,0.01101,0.0106,0.00251
CONT-000802,3,0,0.00542,0.00082,0.00334,0.01594
CONT-000803,1,0,0.16308,0.05658,0.1628,0.70064
CONT-000804,4,0,0.04168,0.02932,0.04337,0.04097
CONT-000805,1,0,0.01723,0.02184,0.02126,0.00413
CONT-000806,0,1,0.97803,0.98985,0.97972,0.99639
CONT-000807,0,0,0.00951,0.01354,0.00648,0.01974
CONT-000808,4,0,0.00265,0.00619,0.00291,0.00462
CONT-000809,2,0,0.004,0.00867,0.00551,0.00719
CONT-000810,2,1,0.21278,0.32266,0.2928,0.72719
CONT-000811,4,0,0.33049,0.50691,0.45211,0.04755
CONT-000812,0,0,0.09766,0.09432,0.1006,0.12845
CONT-000813,2,0,0.02775,0.00946,0.02005,0.39246
CONT-000814,3,1,0.53126,0.66825,0.50394,0.79998
CONT-000815,3,0,0.00257,0.00089,0.0014,0.00057
CONT-000816,1,0,0.00593,0.00625,0.00479,0.00478
CONT-000817,1,0,0.01658,0.01903,0.01622,0.00186
CONT-000818,2,0,0.03317,0.01429,0.03161,0.01052
CONT-000819,0,0,0.0024,0.0071,0.00328,0.00703
CONT-000820,4,0,0.03898,0.07619,0.04016,0.37615
CONT-000821,3,0,0.01194,0.00493,0.00649,0.0069
CONT-000822,3,0,0.00443,0.00072,0.0029,0.0004
CONT-000823,1,0,0.10804,0.03133,0.08901,0.28458
CONT-000824,4,0,0.02479,0.02349,0.021,0.15071
CONT-000825,1,0,0.23429,0.1559,0.15898,0.12374
CONT-000826,0,0,0.00453,0.01569,0.00574,0.00209
CONT-000827,0,0,0.12789,0.08623,0.15589,0.13087
CONT-000828,4,0,0.01743,0.01656,0.02128,0.01014
CONT-000829,2,0,0.01018,0.01054,0.00672,0.00815
CONT-000830,2,1,0.66108,0.8784,0.79466,0.948
CONT-000831,4,0,0.35353,0.54598,0.5083,0.02373
CONT-000832,0,0,0.003,0.0081,0.00408,0.00854
CONT-000833,2,0,0.00627,0.00392,0.00713,0.19726
CONT-000834,3,0,0.00257,0.00085,0.00158,0.00061
CONT-000835,3,0,0.01143,0.00307,0.00763,0.00056
CONT-000836,1,0,0.01471,0.01891,0.01534,0.01004
CONT-000837,1,1,0.2171,0.28321,0.26357,0.14202
CONT-000838,2,0,0.00282,0.00283,0.00322,0.00847
CONT-000839,0,0,0.01032,0.01743,0.01374,0.00437
CONT-000840,4,1,0.79553,0.79486,0.77357,0.85418
CONT-000841,3,1,0.04802,0.1587,0.0693,0.01677
CONT-000842,3,0,0.0872,0.01691,0.12281,0.0679
CONT-000843,1,1,0.39658,0.32104,0.52662,0.88015
CONT-000844,4,0,0.00537,0.00658,0.00379,0.01404
CONT-000845,1,0,0.03306,0.04167,0.0473,0.01118
CONT-000846,0,0,0.20775,0.3121,0.22592,0.0989
CONT-000847,0,0,0.031,0.03296,0.05604,0.07138
CONT-000848,4,0,0.00466,0.00814,0.00282,0.00339
CONT-000849,2,0,0.01027,0.00594,0.0068,0.01605
CONT-000850,2,0,0.02596,0.02586,0.05617,0.13308
CONT-000851,4,1,0.85638,0.84013,0.86689,0.51674
CONT-000852,0,0,0.00635,0.00826,0.00854,0.01397
CONT-000853,2,0,0.00497,0.00455,0.00633,0.19672
CONT-000854,3,0,0.14294,0.0458,0.08914,0.02757
CONT-000855,3,0,0.04764,0.02841,0.0247,0.00674
CONT-000856,1,1,0.51962,0.72351,0.76304,0.34434
CONT-000857,1,0,0.0291,0.01997,0.04003,0.00717
CONT-000858,2,0,0.09162,0.10181,0.08008,0.06244
CONT-000859,0,0,0.0099,0.03354,0.00788,0.02866
CONT-000860,4,0,0.01331,0.02931,0.0179,0.07136
CONT-000861,3,0,0.08157,0.06322,0.12146,0.00397
CONT-000862,3,0,0.11296,0.08872,0.1459,0.13777
CONT-000863,1,1,0.76197,0.80277,0.77915,0.95169
CONT-000864,4,0,0.01568,0.01911,0.01608,0.00237
CONT-000865,1,0,0.05199,0.05245,0.05371,0.01434
CONT-000866,0,0,0.33316,0.50251,0.38404,0.4703
CONT-000867,0,0,0.00273,0.00997,0.00525,0.01407
CONT-000868,4,0,0.09525,0.07361,0.12603,0.11682
CONT-000869,2,0,0.01229,0.02353,0.00768,0.01239
CONT-000870,2,1,0.9237,0.96951,0.93218,0.94158
CONT-000871,4,0,0.34713,0.51879,0.46142,0.08128
CONT-000872,0,0,0.04502,0.04613,0.05356,0.03694
CONT-000873,2,0,0.42535,0.51919,0.36361,0.56103
CONT-000874,3,0,0.00047,7e-05,0.00018,0.00044
CONT-000875,3,0,0.00322,0.00057,0.00241,0.00045
CONT-000876,1,0,0.03257,0.03652,0.02949,0.02033
CONT-000877,1,0,0.13203,0.08453,0.15116,0.03443
CONT-000878,2,0,0.04308,0.0484,0.04418,0.10209
CONT-000879,0,0,0.05023,0.05991,0.0604,0.08685
CONT-000880,4,0,0.01858,0.02964,0.01921,0.11466
CONT-000881,3,1,0.00362,0.00103,0.00211,0.00145
CONT-000882,3,0,0.04524,0.00964,0.0348,0.01095
CONT-000883,1,0,0.02041,0.00798,0.02748,0.02064
CONT-000884,4,0,0.0049,0.00706,0.00357,0.00518
CONT-000885,1,0,0.6571,0.64921,0.67932,0.56016
CONT-000886,0,0,0.00512,0.01404,0.00636,0.00221
CONT-000887,0,0,0.00461,0.01268,0.00657,0.00767
CONT-000888,4,0,0.01766,0.01324,0.01746,0.00513
CONT-000889,2,1,0.97397,0.98758,0.97671,0.97508
CONT-000890,2,1,0.98066,0.99371,0.9883,0.99347
CONT-000891,4,0,0.65979,0.73045,0.74185,0.04662
CONT-000892,0,0,0.00772,0.00894,0.00862,0.00444
CONT-000893,2,0,0.00599,0.0059,0.00657,0.12273
CONT-000894,3,0,0.25154,0.12043,0.21617,0.28381
CONT-000895,3,0,0.00185,0.00056,0.00044,0.00026
CONT-000896,1,1,0.49691,0.56755,0.52515,0.09174
CONT-000897,1,0,0.08061,0.06299,0.1024,0.01704
CONT-000898,2,0,0.00509,0.00458,0.00409,0.01725
CONT-000899,0,0,0.00344,0.01262,0.00471,0.00224
CONT-000900,4,1,0.79809,0.83225,0.81438,0.73369
CONT-000901,3,1,0.80417,0.95577,0.89433,0.70682
CONT-000902,3,0,0.00127,0.00019,0.00061,0.00037
CONT-000903,1,0,0.11075,0.04398,0.09821,0.35364
CONT-000904,4,0,0.00207,0.00987,0.00336,0.00169
CONT-000905,1,0,0.04894,0.04366,0.06004,0.02183
CONT-000906,0,0,0.02232,0.0442,0.01956,0.00704
CONT-000907,0,0,0.00332,0.04269,0.00749,0.00327
CONT-000908,4,0,0.00704,0.01012,0.00483,0.00267
CONT-000909,2,1,0.94621,0.96947,0.93545,0.92918
CONT-000910,2,1,0.93,0.96754,0.96633,0.97841
CONT-000911,4,0,0.37987,0.50687,0.46298,0.03166
CONT-000912,0,0,0.01272,0.00954,0.01415,0.00515
CONT-000913,2,0,0.02595,0.00871,0.0162,0.42148
CONT-000914,3,0,0.05607,0.03607,0.05156,0.02193
CONT-000915,3,1,0.42462,0.40708,0.39022,0.06316
CONT-000916,1,0,0.00662,0.00953,0.00753,0.00222
CONT-000917,1,0,0.05598,0.04876,0.08528,0.13503
CONT-000918,2,0,0.01129,0.00576,0.00811,0.0169
CONT-000919,0,0,0.00255,0.01673,0.00429,0.00604
CONT-000920,4,0,0.01469,0.02676,0.01204,0.13969
CONT-000921,3,1,0.20188,0.37825,0.32804,0.24538
CONT-000922,3,0,0.00108,0.00014,0.00034,0.00064
CONT-000923,1,0,0.02681,0.0174,0.05735,0.04672
CONT-000924,4,0,0.42156,0.41604,0.53897,0.29172
CONT-000925,1,0,0.51917,0.51712,0.68742,0.30498
CONT-000926,0,0,0.02175,0.03424,0.02917,0.00887
CONT-000927,0,0,0.24928,0.24184,0.42887,0.14187
CONT-000928,4,0,0.00358,0.01217,0.00481,0.00338
CONT-000929,2,0,0.02084,0.02071,0.02359,0.08926
CONT-000930,2,1,0.89325,0.95886,0.93092,0.78911
CONT-000931,4,1,0.91199,0.89804,0.91042,0.86542
CONT-000932,0,0,0.01156,0.01058,0.01268,0.00293
CONT-000933,2,0,0.1105,0.08971,0.19038,0.07149
CONT-000934,3,0,0.00427,0.00279,0.00373,0.01328
CONT-000935,3,0,0.00355,0.00115,0.00274,0.00125
CONT-000936,1,0,0.05029,0.04461,0.06034,0.17561
CONT-000937,1,0,0.03747,0.0199,0.03844,0.01675
CONT-000938,2,0,0.00114,0.00183,0.00114,0.00549
CONT-000939,0,0,0.01289,0.02641,0.01125,0.04024
CONT-000940,4,0,0.05352,0.08984,0.07032,0.43477
CONT-000941,3,0,0.00414,0.00083,0.00281,0.00054
CONT-000942,3,0,0.10018,0.02802,0.1103,0.04387
CONT-000943,1,0,0.0969,0.03062,0.14711,0.31591
CONT-000944,4,0,0.12364,0.10959,0.16661,0.08633
CONT-000945,1,0,0.6614,0.67449,0.70044,0.75461
CONT-000946,0,0,0.02753,0.03457,0.03183,0.00694
CONT-000947,0,0,0.00397,0.00934,0.00601,0.0072
CONT-000948,4,0,0.00758,0.0106,0.00585,0.00385
CONT-000949,2,0,0.0238,0.02108,0.02732,0.01058
CONT-000950,2,0,0.01538,0.02971,0.01451,0.22789
CONT-000951,4,0,0.31452,0.50794,0.46518,0.00839
CONT-000952,0,0,0.01391,0.01398,0.01254,0.00572
CONT-000953,2,0,0.00782,0.00482,0.00838,0.28202
CONT-000954,3,0,0.00164,0.00048,0.001,0.00056
CONT-000955,3,0,0.05227,0.05021,0.04274,0.05959
CONT-000956,1,1,0.349,0.63007,0.40002,0.59579
CONT-000957,1,0,0.0716,0.05793,0.09405,0.05627
CONT-000958,2,0,0.01375,0.00934,0.00968,0.01699
CONT-000959,0,0,0.00902,0.02269,0.01142,0.011
CONT-000960,4,1,0.3839,0.39896,0.39158,0.53003
CONT-000961,3,1,0.00974,0.00866,0.01013,0.0039
CONT-000962,3,0,0.00312,0.00047,0.00111,0.00056
CONT-000963,1,0,0.13004,0.07088,0.13223,0.28407
CONT-000964,4,0,0.01015,0.01057,0.00731,0.02392
CONT-000965,1,0,0.04161,0.03467,0.05218,0.0089
CONT-000966,0,0,0.03049,0.06203,0.03384,0.01757
CONT-000967,0,0,0.00276,0.03721,0.00784,0.0026
CONT-000968,4,1,0.90738,0.92873,0.89458,0.92927
CONT-000969,2,0,0.03547,0.01704,0.01791,0.07725
CONT-000970,2,0,0.00678,0.015,0.00913,0.24545
CONT-000971,4,0,0.01304,0.02861,0.00791,0.00184
CONT-000972,0,0,0.20563,0.22308,0.30797,0.09031
CONT-000973,2,0,0.32109,0.35116,0.31276,0.73004
CONT-000974,3,0,0.01671,0.00485,0.01334,0.0037
CONT-000975,3,1,0.50777,0.58235,0.47327,0.16586
CONT-000976,1,0,0.00838,0.01506,0.01055,0.00379
CONT-000977,1,0,0.01484,0.03172,0.03042,0.00331
CONT-000978,2,0,0.47958,0.43618,0.6594,0.19725
CONT-000979,0,0,0.01395,0.01939,0.02283,0.00366
CONT-000980,4,1,0.07985,0.12288,0.07912,0.23012
CONT-000981,3,0,0.00935,0.00448,0.00458,0.01278
CONT-000982,3,0,0.00203,0.00051,0.00122,0.00013
CONT-000983,1,0,0.08732,0.0305,0.06491,0.14682
CONT-000984,4,0,0.04849,0.03085,0.05552,0.06547
CONT-000985,1,0,0.12696,0.08826,0.11889,0.02745
CONT-000986,0,0,0.0285,0.03632,0.0359,0.01071
CONT-000987,0,0,0.03444,0.02741,0.04557,0.04194
CONT-000988,4,0,0.0062,0.00874,0.00572,0.00325
CONT-000989,2,0,0.00296,0.00615,0.00389,0.00238
CONT-000990,2,1,0.96499,0.98836,0.96644,0.98356
CONT-000991,4,0,0.41015,0.56311,0.53213,0.19385
CONT-000992,0,0,0.00361,0.01091,0.00516,0.01956
CONT-000993,2,0,0.02756,0.01273,0.0203,0.18964
CONT-000994,3,0,0.00052,0.00012,0.00021,0.00085
CONT-000995,3,0,0.00171,0.0002,0.00042,0.00015
CONT-000996,1,0,0.0287,0.03434,0.0222,0.00747
CONT-000997,1,0,0.01576,0.0137,0.01699,0.01459
CONT-000998,2,0,0.01652,0.01738,0.02359,0.02126
CONT-000999,0,0,0.04966,0.06285,0.09004,0.05149
CONT-001000,4,0,0.03887,0.09116,0.03523,0.15307
CONT-001001,3,1,0.01656,0.00892,0.01774,0.06752
CONT-001002,3,0,0.01422,0.00222,0.01516,0.0008
CONT-001003,1,0,0.16226,0.05938,0.164,0.36041
CONT-001004,4,1,0.92424,0.93566,0.91658,0.90923
CONT-001005,1,0,0.24673,0.15699,0.15485,0.2943
CONT-001006,0,0,0.00462,0.01291,0.00607,0.00156
CONT-001007,0,0,0.01719,0.02336,0.02381,0.00826
CONT-001008,4,0,0.21379,0.20463,0.31332,0.12519
CONT-001009,2,0,0.00755,0.00687,0.00438,0.01888
CONT-001010,2,0,0.01773,0.02965,0.01504,0.36698
CONT-001011,4,0,0.00427,0.01999,0.00761,0.00078
CONT-001012,0,0,0.00711,0.00642,0.00731,0.00524
CONT-001013,2,0,0.01136,0.00845,0.01111,0.15227
CONT-001014,3,0,0.00389,0.00055,0.00154,0.00118
CONT-001015,3,0,0.02362,0.01926,0.01629,0.00254
CONT-001016,1,0,0.24875,0.40307,0.34757,0.20578
CONT-001017,1,0,0.0174,0.02206,0.01981,0.00457
CONT-001018,2,0,0.00118,0.00153,0.00104,0.00439
CONT-001019,0,0,0.00704,0.01798,0.01221,0.01315
CONT-001020,4,1,0.69871,0.68085,0.7142,0.66507
CONT-001021,3,1,0.77663,0.93508,0.81668,0.47002
CONT-001022,3,0,0.00454,0.00063,0.00142,0.00143
CONT-001023,1,0,0.06096,0.02656,0.08207,0.26284
CONT-001024,4,0,0.004,0.01077,0.00349,0.00497
CONT-001025,1,0,0.01687,0.02375,0.02487,0.00399
CONT-001026,0,1,0.59499,0.7569,0.62336,0.44467
CONT-001027,0,0,0.00341,0.01093,0.0047,0.03676
CONT-001028,4,0,0.08652,0.06082,0.11096,0.12353
CONT-001029,2,0,0.01215,0.00997,0.00706,0.02363
CONT-001030,2,1,0.628,0.85599,0.76686,0.30019
CONT-001031,4,0,0.61425,0.70902,0.6931,0.06362
CONT-001032,0,0,0.00613,0.00713,0.00664,0.00387
CONT-001033,2,0,0.0066,0.00522,0.00587,0.35116
CONT-001034,3,0,0.00131,0.00028,0.00042,0.00143
CONT-001035,3,1,0.51621,0.55258,0.52298,0.50997
CONT-001036,1,0,0.14354,0.16255,0.12974,0.06032
CONT-001037,1,0,0.01207,0.01364,0.01503,0.00312
CONT-001038,2,1,0.96403,0.97169,0.96198,0.90251
CONT-001039,0,0,0.17734,0.11415,0.1127,0.11775
CONT-001040,4,1,0.92803,0.94447,0.93829,0.97532
CONT-001041,3,1,0.00856,0.00595,0.00468,0.00364
CONT-001042,3,0,0.00239,0.00022,0.00047,0.00083
CONT-001043,1,0,0.02376,0.01411,0.04627,0.00571
CONT-001044,4,0,0.01246,0.01316,0.01071,0.00334
CONT-001045,1,0,0.35077,0.30218,0.22806,0.06614
CONT-001046,0,1,0.54097,0.66495,0.56319,0.58257
CONT-001047,0,0,0.00701,0.01462,0.01098,0.00474
CONT-001048,4,0,0.00507,0.02696,0.00798,0.04073
CONT-001049,2,0,0.00369,0.00569,0.00322,0.00626
CONT-001050,2,0,0.1731,0.33786,0.24072,0.55111
CONT-001051,4,0,0.37047,0.54919,0.45828,0.06335
CONT-001052,0,0,0.00785,0.00933,0.01374,0.00592
CONT-001053,2,0,0.0039,0.00324,0.00292,0.11389
CONT-001054,3,0,0.00176,0.001,0.00132,0.00039
CONT-001055,3,0,0.00243,0.00045,0.00125,0.00016
CONT-001056,1,1,0.45321,0.66506,0.51147,0.35272
CONT-001057,1,0,0.01391,0.012,0.01316,0.00434
CONT-001058,2,0,0.01034,0.00595,0.00544,0.0295
CONT-001059,0,0,0.00252,0.01042,0.00398,0.00598
CONT-001060,4,0,0.12932,0.34418,0.24016,0.40295
CONT-001061,3,0,0.00832,0.00195,0.00591,0.00361
CONT-001062,3,0,0.00815,0.00077,0.00226,0.00369
CONT-001063,1,0,0.05102,0.01287,0.05806,0.19507
CONT-001064,4,0,0.00321,0.00623,0.00427,0.00215
CONT-001065,1,0,0.38396,0.33893,0.42765,0.21615
CONT-001066,0,0,0.00598,0.0177,0.0082,0.00167
CONT-001067,0,0,0.04122,0.05701,0.02801,0.02488
CONT-001068,4,0,0.00723,0.0135,0.01067,0.00593
CONT-001069,2,1,0.98476,0.9909,0.98555,0.9958
CONT-001070,2,0,0.21151,0.37494,0.20206,0.24168
CONT-001071,4,0,0.01864,0.03341,0.02475,0.00667
CONT-001072,0,0,0.00231,0.00316,0.00264,0.00219
CONT-001073,2,0,0.00427,0.00334,0.00365,0.05306
CONT-001074,3,0,0.18569,0.2138,0.18935,0.16587
CONT-001075,3,0,0.0158,0.01265,0.01563,0.00241
CONT-001076,1,1,0.57401,0.62292,0.58854,0.2649
CONT-001077,1,0,0.06633,0.03612,0.10136,0.02608
CONT-001078,2,0,0.00206,0.00198,0.00254,0.00321
CONT-001079,0,1,0.53294,0.54709,0.59497,0.55342
CONT-001080,4,1,0.60665,0.58927,0.60491,0.22465
CONT-001081,3,1,0.00395,0.00232,0.0027,0.0018
CONT-001082,3,0,0.00284,0.00051,0.00129,0.00033
CONT-001083,1,0,0.067,0.02492,0.07869,0.25336
CONT-001084,4,0,0.01632,0.0153,0.01189,0.02217
CONT-001085,1,0,0.21589,0.15208,0.21294,0.38572
CONT-001086,0,0,0.21736,0.41151,0.23796,0.08028
CONT-001087,0,0,0.01137,0.01861,0.01496,0.03469
CONT-001088,4,0,0.01673,0.0232,0.01263,0.11162
CONT-001089,2,0,0.02042,0.01031,0.00978,0.01143
CONT-001090,2,0,0.012,0.01653,0.01932,0.2057
CONT-001091,4,0,0.44458,0.62884,0.61364,0.09005
CONT-001092,0,0,0.06758,0.05256,0.08793,0.0868
CONT-001093,2,0,0.17328,0.15345,0.15223,0.88696
CONT-001094,3,0,0.00136,0.0003,0.00049,0.00057
CONT-001095,3,1,0.38763,0.47976,0.42143,0.10089
CONT-001096,1,0,0.17079,0.20224,0.21972,0.05555
CONT-001097,1,0,0.02587,0.02825,0.03018,0.00911
CONT-001098,2,0,0.32501,0.30472,0.48164,0.0738
CONT-001099,0,1,0.96986,0.95966,0.96436,0.77729
CONT-001100,4,1,0.53973,0.7191,0.44449,0.63206
CONT-001101,3,1,0.55554,0.7032,0.64846,0.43786
CONT-001102,3,0,0.00096,0.00016,0.00023,0.00034
CONT-001103,1,0,0.04646,0.01474,0.06374,0.07564
CONT-001104,4,0,0.05344,0.04235,0.06644,0.07447
CONT-001105,1,1,0.96093,0.97558,0.97484,0.89518
CONT-001106,0,1,0.91086,0.97236,0.9128,0.95576
CONT-001107,0,0,0.00348,0.00977,0.00409,0.00467
CONT-001108,4,0,0.00903,0.01072,0.01048,0.00996
CONT-001109,2,0,0.00609,0.00933,0.00477,0.00569
CONT-001110,2,1,0.60275,0.70864,0.64307,0.62136
CONT-001111,4,1,0.61863,0.69329,0.67989,0.09549
CONT-001112,0,0,0.00646,0.00675,0.00562,0.00388
CONT-001113,2,0,0.00251,0.02871,0.00178,0.02697
CONT-001114,3,0,0.00147,0.00028,0.00087,0.00015
CONT-001115,3,0,0.01305,0.0033,0.00485,0.00702
CONT-001116,1,0,0.02708,0.026,0.01986,0.01278
CONT-001117,1,0,0.05052,0.03091,0.04885,0.06892
CONT-001118,2,0,0.00222,0.00223,0.00102,0.00749
CONT-001119,0,0,0.00383,0.01315,0.00691,0.01651
CONT-001120,4,0,0.01727,0.02789,0.02045,0.08198
CONT-001121,3,1,0.00343,0.00092,0.00126,0.00186
CONT-001122,3,0,0.01712,0.00274,0.01756,0.0004
CONT-001123,1,1,0.93789,0.93348,0.96824,0.901
CONT-001124,4,0,0.00313,0.01113,0.00589,0.00292
CONT-001125,1,0,0.2515,0.1585,0.17232,0.05883
CONT-001126,0,0,0.00476,0.01509,0.00544,0.0014
CONT-001127,0,1,0.70771,0.63552,0.59664,0.76439
CONT-001128,4,0,0.04348,0.03161,0.04442,0.10153
CONT-001129,2,1,0.30889,0.38343,0.41338,0.6495
CONT-001130,2,1,0.47298,0.51333,0.49907,0.75882
CONT-001131,4,0,0.48155,0.62399,0.61638,0.05366
CONT-001132,0,0,0.00893,0.01334,0.00999,0.02783
CONT-001133,2,0,0.015,0.00784,0.01496,0.40642
CONT-001134,3,0,0.0242,0.00226,0.01706,0.00065
CONT-001135,3,1,0.34514,0.39382,0.33793,0.64908
CONT-001136,1,0,0.33435,0.41077,0.3313,0.17
CONT-001137,1,0,0.17044,0.11509,0.19902,0.09007
CONT-001138,2,0,0.00567,0.00597,0.00453,0.01404
CONT-001139,0,0,0.00374,0.01375,0.00499,0.01169
CONT-001140,4,1,0.79093,0.69089,0.73727,0.16922
CONT-001141,3,0,0.0093,0.0045,0.0068,0.0106
CONT-001142,3,0,0.00281,0.00039,0.00129,0.00035
CONT-001143,1,0,0.05732,0.02833,0.05586,0.1031
CONT-001144,4,0,0.03097,0.02264,0.02015,0.02402
CONT-001145,1,0,0.09395,0.0665,0.1015,0.02272
CONT-001146,0,0,0.05075,0.06903,0.07752,0.01035
CONT-001147,0,0,0.07408,0.11624,0.1145,0.06206
CONT-001148,4,0,0.00474,0.00988,0.00521,0.00964
CONT-001149,2,0,0.00208,0.00317,0.00221,0.00308
CONT-001150,2,0,0.00736,0.01986,0.00858,0.14034
CONT-001151,4,0,0.44291,0.57342,0.551,0.02301
CONT-001152,0,0,0.26687,0.1656,0.25872,0.10805
CONT-001153,2,0,0.04688,0.0298,0.04611,0.44696
CONT-001154,3,0,0.1377,0.03366,0.12301,0.01246
CONT-001155,3,1,0.75116,0.86631,0.80244,0.79733
CONT-001156,1,0,0.02279,0.03512,0.03151,0.0237
CONT-001157,1,0,0.01028,0.01049,0.01646,0.00316
CONT-001158,2,0,0.01563,0.00977,0.02138,0.01762
CONT-001159,0,0,0.21857,0.1715,0.19369,0.03983
CONT-001160,4,0,0.01653,0.03208,0.02665,0.18178
CONT-001161,3,1,0.17808,0.36315,0.27522,0.05861
CONT-001162,3,0,0.04014,0.01134,0.03304,0.0066
CONT-001163,1,0,0.04351,0.01606,0.05011,0.24031
CONT-001164,4,0,0.02134,0.01785,0.01849,0.00304
CONT-001165,1,0,0.15608,0.17389,0.108,0.09945
CONT-001166,0,1,0.92702,0.9731,0.9064,0.94944
CONT-001167,0,1,0.96755,0.94963,0.97224,0.98554
CONT-001168,4,0,0.01125,0.01538,0.00817,0.00902
CONT-001169,2,0,0.01054,0.00969,0.00757,0.0085
CONT-001170,2,1,0.31265,0.39275,0.32073,0.77189
CONT-001171,4,1,0.88329,0.87373,0.91678,0.81739
CONT-001172,0,0,0.29302,0.35412,0.25014,0.2433
CONT-001173,2,1,0.98218,0.98936,0.98578,0.98686
CONT-001174,3,0,0.00085,0.00023,0.00033,0.00086
CONT-001175,3,0,0.00319,0.00069,0.00161,0.00031
CONT-001176,1,1,0.78858,0.91383,0.90605,0.98372
CONT-001177,1,0,0.05636,0.03317,0.07656,0.01158
CONT-001178,2,0,0.00138,0.00229,0.00095,0.00358
CONT-001179,0,0,0.15149,0.20514,0.17683,0.1383
CONT-001180,4,0,0.01557,0.02568,0.01701,0.1691
CONT-001181,3,0,0.03376,0.02403,0.03897,0.01794
CONT-001182,3,0,0.14878,0.08117,0.12916,0.03615
CONT-001183,1,0,0.03368,0.01109,0.02967,0.00703
CONT-001184,4,0,0.0024,0.00932,0.00312,0.00184
CONT-001185,1,0,0.25159,0.18547,0.19679,0.08662
CONT-001186,0,0,0.01189,0.01845,0.01323,0.00198
CONT-001187,0,0,0.00303,0.00983,0.00424,0.00226
CONT-001188,4,0,0.02624,0.02274,0.01919,0.03229
CONT-001189,2,0,0.01603,0.00942,0.01579,0.00579
CONT-001190,2,0,0.0496,0.04317,0.04586,0.70253
CONT-001191,4,0,0.33602,0.5514,0.46682,0.04208
CONT-001192,0,0,0.00385,0.00527,0.00433,0.00653
CONT-001193,2,0,0.04338,0.01529,0.02412,0.55307
CONT-001194,3,0,0.44083,0.25788,0.5011,0.05021
CONT-001195,3,0,0.07628,0.0672,0.12533,0.03616
CONT-001196,1,0,0.01342,0.01693,0.01418,0.00743
CONT-001197,1,0,0.01169,0.01066,0.01311,0.00355
CONT-001198,2,0,0.0018,0.00275,0.00171,0.01027
CONT-001199,0,0,0.01321,0.02083,0.01469,0.02079
CONT-001200,4,0,0.38901,0.45263,0.3877,0.62563
