encounter_id,event_ts,facility_id,shift_id,arrival_mode,age_band,sex,chief_complaint_text,hr,sbp,dbp,rr,spo2,temp_c,pain_score,allergy_code,med_code,icd_hint,needs_immediate,esi_like
ENC-000001,2026-09-01T11:07:00Z,FAC-SOUTH,eve,ambulance,18-34,M,"Shortness of breath since this morning, worse lying flat.",83.0,105.0,89.0,12.0,93.0,37.1,0,ALG-1614,MED-21265,ICD-HINT-544D,1,1
ENC-000002,2026-09-01T14:14:00Z,FAC-EAST,night,transfer,35-49,X,Ankle twist after soccer; can bear weight with limp.,61.0,99.0,75.0,28.0,87.0,36.5,10,ALG-7499,MED-16499,ICD-HINT-326A,1,1
ENC-000003,2026-09-01T17:21:00Z,FAC-WEST,day,law_enforcement,50-64,F,Fever and cough three days; no distress at rest.,102.0,103.0,75.0,22.0,94.0,37.9,10,ALG-2688,MED-86231,ICD-HINT-684F,0,3
ENC-000004,2026-09-01T20:28:00Z,FAC-CENTRAL,eve,walk_in,65+,M,"Sudden worst headache of life, photophobia, neck stiffness.",71.0,100.0,93.0,22.0,94.0,37.6,,ALG-6146,MED-71027,ICD-HINT-699D,0,4
ENC-000005,2026-09-01T23:35:00Z,FAC-NORTH,night,ambulance,0-17,X,"Abdominal pain RLQ, started 6 hours ago, anorexia.",86.0,115.0,61.0,,86.0,36.8,7,ALG-8353,MED-47740,ICD-HINT-723A,1,2
ENC-000006,2026-09-02T02:42:00Z,FAC-SOUTH,day,transfer,18-34,F,"Laceration on forearm from kitchen knife, bleeding controlled.",,132.0,95.0,13.0,,35.7,10,ALG-6140,MED-54580,ICD-HINT-811C,0,4
ENC-000007,2026-09-02T05:49:00Z,FAC-EAST,eve,law_enforcement,35-49,M,Palpitations and dizziness; history of anxiety.,106.0,,77.0,28.0,99.0,37.5,10,ALG-1994,MED-50580,ICD-HINT-762E,0,3
ENC-000008,2026-09-02T08:56:00Z,FAC-WEST,night,walk_in,50-64,X,Pediatric: wheezing after viral illness; using inhaler.,139.0,172.0,,18.0,95.0,35.6,,ALG-3753,MED-90074,ICD-HINT-219D,0,4
ENC-000009,2026-09-02T12:03:00Z,FAC-CENTRAL,day,ambulance,65+,F,Altered mental status found down; unknown downtime.,60.0,167.0,58.0,15.0,91.0,,1,ALG-8359,MED-62644,ICD-HINT-662C,1,1
ENC-000010,2026-09-02T15:10:00Z,FAC-NORTH,eve,transfer,0-17,M,,130.0,172.0,102.0,,91.0,37.0,6,ALG-3472,MED-20876,ICD-HINT-280B,1,1
ENC-000011,2026-09-02T18:17:00Z,FAC-SOUTH,night,law_enforcement,18-34,X,"Motor vehicle collision, seatbelt on, neck pain only.",75.0,113.0,79.0,23.0,89.0,35.5,6,ALG-6220,MED-26448,ICD-HINT-807E,1,2
ENC-000012,2026-09-02T21:24:00Z,FAC-EAST,day,walk_in,35-49,F,"Allergic reaction: hives after new antibiotic, no throat swelling.",,155.0,94.0,20.0,,39.6,,ALG-7521,MED-62294,ICD-HINT-503A,0,4
ENC-000013,2026-09-03T00:31:00Z,FAC-WEST,eve,ambulance,50-64,M,"Suicidal ideation, no plan, accompanied by family.",96.0,130.0,61.0,32.0,92.0,36.0,9,ALG-2677,MED-10030,ICD-HINT-680B,0,2
ENC-000014,2026-09-03T03:38:00Z,FAC-CENTRAL,night,transfer,65+,X,Flank pain and blood in urine; stones previously.,101.0,,87.0,12.0,88.0,37.1,10,ALG-6691,MED-88941,ICD-HINT-472D,0,4
ENC-000015,2026-09-03T06:45:00Z,FAC-NORTH,day,law_enforcement,0-17,F,"Crushing chest pain radiating to left arm, sweaty, nauseated.",65.0,175.0,110.0,,92.0,35.9,1,ALG-5337,MED-72733,ICD-HINT-948F,0,4
ENC-000016,2026-09-03T09:52:00Z,FAC-SOUTH,eve,walk_in,18-34,M,"Shortness of breath since this morning, worse lying flat.",69.0,92.0,,22.0,87.0,37.8,,ALG-2491,MED-44224,ICD-HINT-630C,1,2
ENC-000017,2026-09-03T12:59:00Z,FAC-EAST,night,ambulance,35-49,X,Ankle twist after soccer; can bear weight with limp.,132.0,126.0,63.0,22.0,93.0,38.2,9,ALG-4922,MED-62518,ICD-HINT-857B,0,2
ENC-000018,2026-09-03T16:06:00Z,FAC-WEST,day,transfer,50-64,F,Fever and cough three days; no distress at rest.,,139.0,94.0,32.0,,,3,ALG-8327,MED-55812,ICD-HINT-473A,0,4
ENC-000019,2026-09-03T19:13:00Z,FAC-CENTRAL,eve,law_enforcement,65+,M,"Sudden worst headache of life, photophobia, neck stiffness.",74.0,113.0,62.0,14.0,94.0,39.4,0,ALG-6636,MED-94296,ICD-HINT-186F,0,4
ENC-000020,2026-09-03T22:20:00Z,FAC-NORTH,night,walk_in,0-17,X,"Abdominal pain RLQ, started 6 hours ago, anorexia.",65.0,129.0,93.0,,98.0,37.4,,ALG-2421,MED-61883,ICD-HINT-574D,0,4
